Sample_Index,Generation,Approx_Position,Sample_ID
0,F2,19218854.484716155,F1_0
2,F2,6346332.403618216,F1_2
2,F2,7861629.291952589,F1_2
2,F2,9226896.78540237,F1_2
2,F2,23509695.17841547,F1_2
3,F3,4996067.849656893,F1_3
3,F3,10682181.915782906,F1_3
3,F3,15573140.189020585,F1_3
3,F3,19158842.72676232,F1_3
3,F3,21214245.436681222,F1_3
3,F3,22534504.111665625,F1_3
4,F2,13352705.144728633,F1_4
6,F2,10877220.129132876,F1_6
6,F2,12332505.259513412,F1_6
8,F1,11042252.463505926,F1_8
8,F1,13157666.931378664,F1_8
8,F1,22354468.837804116,F1_8
8,F1,22399477.656269494,F1_8
9,F3,18618736.90517779,F1_9
10,F2,1635409.4042420462,F2_0
10,F2,12332505.259513412,F2_0
10,F2,17883592.870243292,F2_0
11,F3,9316914.422333125,F2_1
11,F3,16728366.529631939,F2_1
12,F3,9481946.756706176,F2_2
12,F3,16038231.313162819,F2_2
12,F3,19218854.484716155,F2_2
13,F3,10877220.129132876,F2_3
13,F3,12722581.68621335,F2_3
13,F3,13517737.479101684,F2_3
13,F3,15468119.612601371,F2_3
13,F3,18618736.90517779,F2_3
13,F3,20554116.09918902,F2_3
14,F3,9977043.759825327,F2_4
14,F3,13022640.475982532,F2_4
15,F3,4140900.2988147223,F2_5
15,F3,9691987.909544604,F2_5
15,F3,13352705.144728633,F2_5
16,F3,6106285.371802869,F2_6
16,F3,12437525.835932625,F2_6
16,F3,13157666.931378664,F2_6
16,F3,16983416.500935744,F2_6
16,F3,22354468.837804116,F2_6
17,F2,17898595.80973175,F2_7
18,F3,5461158.973799126,F2_8
18,F3,6346332.403618216,F2_8
18,F3,7861629.291952589,F2_8
18,F3,9226896.78540237,F2_8
18,F3,13352705.144728633,F2_8
18,F3,14642957.940736119,F2_8
19,F2,6751411.769806612,F2_9
19,F2,13352705.144728633,F2_9
19,F2,14057843.300686212,F2_9
19,F2,15618149.007485963,F2_9
19,F2,23314656.9650655,F2_9
20,F3,10877220.129132876,F2_10
20,F3,14522934.424828446,F2_10
20,F3,15198066.701809106,F2_10
21,F2,11702381.800998127,F2_11
22,F3,14762981.456643792,F2_12
22,F3,19218854.484716155,F2_12
23,F3,11042252.463505926,F2_13
23,F3,12452528.775421085,F2_13
23,F3,13457725.721147846,F2_13
23,F3,17598537.019962568,F2_13
23,F3,21454292.46849657,F2_13
23,F3,22354468.837804116,F2_13
23,F3,22609518.809107922,F2_13
24,F3,11042252.463505926,F2_14
24,F3,13157666.931378664,F2_14
24,F3,20434092.583281346,F2_14
24,F3,22399477.656269494,F2_14
25,F3,3885850.3275109166,F2_15
25,F3,6721405.8908296935,F2_15
25,F3,20359077.885839052,F2_15
25,F3,22354468.837804116,F2_15
26,F2,12392517.01746725,F2_16
26,F2,21589318.9238927,F2_16
26,F2,23509695.17841547,F2_16
27,F3,615209.5190268246,F2_17
27,F3,720230.0954460386,F2_17
27,F3,5071082.547099189,F2_17
27,F3,13352705.144728633,F2_17
27,F3,13607755.116032438,F2_17
27,F3,17703557.596381783,F2_17
27,F3,18978807.45290081,F2_17
27,F3,21259254.2551466,F2_17
28,F3,10877220.129132876,F2_18
28,F3,13742781.57142857,F2_18
28,F3,16638348.892701184,F2_18
29,F3,4996067.849656893,F2_19
29,F3,21589318.9238927,F2_19
29,F3,22534504.111665625,F2_19
30,F3,6916444.104179663,F2_20
30,F3,12332505.259513412,F2_20
30,F3,12857608.141609482,F2_20
30,F3,13892810.966313163,F2_20
30,F3,19158842.72676232,F2_20
31,F3,15273081.399251403,F2_21
31,F3,22354468.837804116,F2_21
32,F3,930271.2482844666,F2_22
32,F3,4320935.572676232,F2_22
32,F3,11222287.737367436,F2_22
32,F3,11612364.164067373,F2_22
32,F3,15453116.673112912,F2_22
32,F3,18618736.90517779,F2_22
32,F3,23704733.391765438,F2_22
33,F2,16383298.921397379,F2_23
34,F3,825250.6718652527,F2_24
34,F3,9481946.756706176,F2_24
34,F3,12332505.259513412,F2_24
34,F3,15258078.459762944,F2_24
34,F3,17553528.201497193,F2_24
35,F3,6346332.403618216,F2_25
35,F3,7861629.291952589,F2_25
35,F3,9226896.78540237,F2_25
35,F3,11252293.616344353,F2_25
35,F3,16638348.892701184,F2_25
35,F3,18618736.90517779,F2_25
35,F3,23509695.17841547,F2_25
36,F3,5506167.792264503,F2_26
36,F3,19218854.484716155,F2_26
37,F3,405168.36618839676,F2_27
37,F3,1455374.1303805364,F2_27
37,F3,12332505.259513412,F2_27
37,F3,15603146.067997504,F2_27
37,F3,22654527.6275733,F2_27
38,F3,2415562.2576419213,F2_28
38,F3,3090694.5346225826,F2_28
38,F3,3435762.1428571427,F2_28
38,F3,11042252.463505926,F2_28
38,F3,13157666.931378664,F2_28
38,F3,19398889.758577667,F2_28
38,F3,22399477.656269494,F2_28
39,F2,4470964.967560823,F2_29
39,F2,12332505.259513412,F2_29
39,F2,18588731.026200872,F2_29
39,F2,20074022.035558328,F2_29
39,F2,23614715.754834685,F2_29
40,F3,1170318.280099813,F2_30
40,F3,10877220.129132876,F2_30
40,F3,21259254.2551466,F2_30
41,F1,16548331.25577043,F2_31
42,F3,3315738.6269494696,F2_32
42,F3,6346332.403618216,F2_32
42,F3,7861629.291952589,F2_32
42,F3,9226896.78540237,F2_32
42,F3,23509695.17841547,F2_32
43,F3,2730623.986899563,F2_33
43,F3,4996067.849656893,F2_33
43,F3,5536173.671241422,F2_33
43,F3,10682181.915782906,F2_33
43,F3,12392517.01746725,F2_33
44,F3,5956255.976918278,F2_34
44,F3,6346332.403618216,F2_34
44,F3,7861629.291952589,F2_34
44,F3,8926837.995633187,F2_34
44,F3,9226896.78540237,F2_34
44,F3,12332505.259513412,F2_34
44,F3,23509695.17841547,F2_34
45,F3,960277.1272613849,F2_35
45,F3,8986849.753587024,F2_35
45,F3,15528131.370555209,F2_35
45,F3,19218854.484716155,F2_35
46,F3,2130506.4073611978,F2_36
46,F3,4005873.84341859,F2_36
46,F3,15993222.494697442,F2_36
46,F3,18618736.90517779,F2_36
46,F3,18783769.23955084,F2_36
46,F3,20434092.583281346,F2_36
47,F3,12332505.259513412,F2_37
47,F3,13157666.931378664,F2_37
47,F3,13352705.144728633,F2_37
47,F3,22354468.837804116,F2_37
48,F3,11042252.463505926,F2_38
48,F3,13157666.931378664,F2_38
48,F3,18093634.02308172,F2_38
48,F3,22399477.656269494,F2_38
49,F3,5251117.820960699,F2_39
49,F3,11132270.10043668,F2_39
49,F3,16293281.284466624,F2_39
50,F3,22399477.656269494,F2_40
50,F3,23524698.11790393,F2_40
51,F3,1035291.8247036806,F2_41
51,F3,7741605.776044915,F2_41
51,F3,12392517.01746725,F2_41
51,F3,17208460.59326263,F2_41
51,F3,17568531.140985653,F2_41
52,F2,19218854.484716155,F2_42
52,F2,19773963.245789144,F2_42
52,F2,23644721.6338116,F2_42
53,F3,4816032.575795383,F2_43
54,F3,10682181.915782906,F2_44
54,F3,15573140.189020585,F2_44
54,F3,18618736.90517779,F2_44
54,F3,19158842.72676232,F2_44
54,F3,21214245.436681222,F2_44
54,F3,21904380.653150342,F2_44
55,F3,22399477.656269494,F2_45
55,F3,23404674.601996254,F2_45
56,F3,10877220.129132876,F2_46
56,F3,19218854.484716155,F2_46
57,F2,2115503.4678727384,F2_47
57,F2,13352705.144728633,F2_47
57,F2,14687966.759201497,F2_47
57,F2,22489495.293200247,F2_47
58,F2,10682181.915782906,F2_48
58,F2,15573140.189020585,F2_48
58,F2,18153645.781035557,F2_48
58,F2,19158842.72676232,F2_48
58,F2,20149036.73300062,F2_48
58,F2,21199242.497192763,F2_48
58,F2,21214245.436681222,F2_48
58,F2,21334268.952588893,F2_48
59,F2,960277.1272613849,F2_49
59,F2,5056079.6076107295,F2_49
59,F2,18618736.90517779,F2_49
60,F3,15243075.520274485,F2_50
60,F3,18618736.90517779,F2_50
60,F3,21394280.71054273,F2_50
60,F3,23509695.17841547,F2_50
61,F2,4996067.849656893,F2_51
62,F3,4380947.330630069,F2_52
62,F3,4996067.849656893,F2_52
62,F3,9556961.454148471,F2_52
62,F3,11282299.495321272,F2_52
62,F3,15303087.278228322,F2_52
63,F3,960277.1272613849,F2_53
63,F3,10457137.82345602,F2_53
63,F3,19218854.484716155,F2_53
63,F3,22729542.325015593,F2_53
63,F3,23509695.17841547,F2_53
64,F2,870259.49033063,F2_54
64,F2,18618736.90517779,F2_54
65,F3,1755432.920149719,F2_55
65,F3,9106873.269494697,F2_55
65,F3,12332505.259513412,F2_55
65,F3,20899183.70742358,F2_55
66,F3,19563922.092950717,F2_56
66,F3,20494104.341235183,F2_56
68,F2,11357314.192763567,F2_58
68,F2,17028425.319401123,F2_58
68,F2,19218854.484716155,F2_58
68,F2,21799360.076731127,F2_58
68,F2,22639524.68808484,F2_58
69,F2,11747390.619463505,F2_59
69,F2,15603146.067997504,F2_59
70,F1,4470964.967560823,F2_60
70,F1,10877220.129132876,F2_60
70,F1,12062452.348721147,F2_60
70,F1,12332505.259513412,F2_60
71,F3,7741605.776044915,F2_61
71,F3,11042252.463505926,F2_61
71,F3,13157666.931378664,F2_61
71,F3,19218854.484716155,F2_61
71,F3,22354468.837804116,F2_61
72,F1,11042252.463505926,F2_62
72,F1,13157666.931378664,F2_62
72,F1,17118442.956331875,F2_62
72,F1,19593927.971927635,F2_62
72,F1,22354468.837804116,F2_62
73,F3,11042252.463505926,F2_63
73,F3,13157666.931378664,F2_63
73,F3,15333093.157205239,F2_63
73,F3,15903204.857766686,F2_63
73,F3,18258666.357454773,F2_63
73,F3,22399477.656269494,F2_63
73,F3,23659724.57330006,F2_63
74,F3,5941253.037429819,F2_64
75,F3,2475574.015595758,F2_65
75,F3,12332505.259513412,F2_65
75,F3,13352705.144728633,F2_65
75,F3,22054410.048034932,F2_65
76,F3,525191.8820960699,F2_66
76,F3,16368295.98190892,F2_66
77,F3,10682181.915782906,F2_67
77,F3,15573140.189020585,F2_67
77,F3,17028425.319401123,F2_67
77,F3,19158842.72676232,F2_67
77,F3,19218854.484716155,F2_67
77,F3,20089024.975046787,F2_67
77,F3,21214245.436681222,F2_67
77,F3,22534504.111665625,F2_67
78,F3,1875456.4360573923,F2_68
78,F3,2880653.3817841546,F2_68
78,F3,4335938.5121646905,F2_68
78,F3,7816620.473487211,F2_68
78,F3,9091870.330006238,F2_68
78,F3,12167472.92514036,F2_68
78,F3,14192869.756082345,F2_68
78,F3,19218854.484716155,F2_68
78,F3,20209048.49095446,F2_68
79,F3,8176691.02121023,F2_69
79,F3,12542546.41235184,F2_69
79,F3,16983416.500935744,F2_69
79,F3,17388495.86712414,F2_69
80,F3,750235.9744229569,F2_70
80,F3,2895656.3212726135,F2_70
80,F3,6271317.70617592,F2_70
80,F3,22519501.172177166,F2_70
81,F3,1995479.9519650654,F2_71
81,F3,10262099.610106051,F2_71
81,F3,10877220.129132876,F2_71
81,F3,20299066.127885215,F2_71
82,F3,6091282.43231441,F2_72
82,F3,8401735.113537118,F2_72
82,F3,9226896.78540237,F2_72
82,F3,10787202.49220212,F2_72
82,F3,10877220.129132876,F2_72
82,F3,23509695.17841547,F2_72
83,F3,16713363.59014348,F2_73
84,F3,10877220.129132876,F2_74
84,F3,14447919.72738615,F2_74
84,F3,14507931.485339986,F2_74
84,F3,16743369.469120398,F2_74
84,F3,22189436.503431067,F2_74
85,F3,13067649.29444791,F2_75
86,F3,165121.33437305051,F2_76
86,F3,1410365.311915159,F2_76
86,F3,5656197.187149095,F2_76
86,F3,18048625.20461634,F2_76
86,F3,18618736.90517779,F2_76
87,F2,4996067.849656893,F2_77
88,F2,3270729.8084840924,F2_78
88,F2,10877220.129132876,F2_78
88,F2,12332505.259513412,F2_78
88,F2,17553528.201497193,F2_78
88,F2,18558725.147223953,F2_78
88,F2,20989201.344354335,F2_78
89,F3,3075691.595134123,F2_79
89,F3,4996067.849656893,F2_79
89,F3,10982240.70555209,F2_79
89,F3,23434680.480973173,F2_79
90,F2,8416738.053025577,F2_80
90,F2,10187084.912663754,F2_80
90,F2,12332505.259513412,F2_80
91,F2,11687378.86150967,F2_81
92,F3,540194.821584529,F2_82
92,F3,4801029.636306925,F2_82
92,F3,4996067.849656893,F2_82
92,F3,6481358.859014348,F2_82
92,F3,10682181.915782906,F2_82
92,F3,15573140.189020585,F2_82
92,F3,19158842.72676232,F2_82
92,F3,21214245.436681222,F2_82
92,F3,22534504.111665625,F2_82
93,F2,10877220.129132876,F2_83
94,F2,10682181.915782906,F2_84
94,F2,15573140.189020585,F2_84
94,F2,19158842.72676232,F2_84
94,F2,21214245.436681222,F2_84
94,F2,22534504.111665625,F2_84
95,F2,4651000.241422333,F2_85
95,F2,5911247.1584529,F2_85
95,F2,10652176.036805987,F2_85
95,F2,19833975.00374298,F2_85
95,F2,20119030.854023706,F2_85
95,F2,21904380.653150342,F2_85
96,F3,3810835.630068621,F2_86
96,F3,14357902.090455396,F2_86
96,F3,22564509.990642544,F2_86
97,F2,8311717.4766063625,F2_87
97,F2,19158842.72676232,F2_87
97,F2,21214245.436681222,F2_87
97,F2,22534504.111665625,F2_87
97,F2,22564509.990642544,F2_87
97,F2,23449683.420461632,F2_87
98,F3,11042252.463505926,F2_88
98,F3,13157666.931378664,F2_88
98,F3,17823581.112289455,F2_88
98,F3,22354468.837804116,F2_88
98,F3,23479689.29943855,F2_88
99,F2,5281123.6999376165,F2_89
99,F2,6061276.553337492,F2_89
99,F2,9031858.5720524,F2_89
99,F2,10697184.855271365,F2_89
99,F2,17028425.319401123,F2_89
99,F2,19218854.484716155,F2_89
100,F2,11297302.434809731,F2_90
100,F2,14807990.27510917,F2_90
100,F2,18618736.90517779,F2_90
100,F2,19818972.064254522,F2_90
100,F2,21394280.71054273,F2_90
100,F2,22264451.20087336,F2_90
100,F2,22774551.14348097,F2_90
101,F2,5416150.155333749,F2_91
101,F2,12392517.01746725,F2_91
101,F2,13022640.475982532,F2_91
102,F2,13517737.479101684,F2_92
102,F2,18003616.386150967,F2_92
102,F2,22399477.656269494,F2_92
103,F1,10367120.186525265,F2_93
104,F3,5206109.002495321,F2_94
104,F3,18723757.481597006,F2_94
104,F3,23479689.29943855,F2_94
105,F2,4590988.483468496,F2_95
106,F2,10892223.068621334,F2_96
106,F2,11042252.463505926,F2_96
106,F2,13157666.931378664,F2_96
106,F2,15573140.189020585,F2_96
106,F2,19218854.484716155,F2_96
106,F2,22399477.656269494,F2_96
107,F3,1410365.311915159,F2_97
107,F3,3585791.537741734,F2_97
107,F3,7741605.776044915,F2_97
107,F3,10682181.915782906,F2_97
107,F3,10877220.129132876,F2_97
107,F3,11222287.737367436,F2_97
108,F3,4651000.241422333,F2_98
108,F3,11612364.164067373,F2_98
108,F3,11702381.800998127,F2_98
108,F3,13352705.144728633,F2_98
108,F3,19218854.484716155,F2_98
108,F3,19908989.701185275,F2_98
109,F3,2715621.047411104,F2_99
109,F3,9601970.27261385,F2_99
109,F3,10877220.129132876,F2_99
109,F3,15498125.49157829,F2_99
110,F3,11042252.463505926,F3_0
110,F3,13157666.931378664,F3_0
110,F3,14507931.485339986,F3_0
110,F3,22189436.503431067,F3_0
111,F2,1410365.311915159,F3_1
111,F2,3585791.537741734,F3_1
111,F2,7741605.776044915,F3_1
111,F2,10877220.129132876,F3_1
111,F2,17028425.319401123,F3_1
111,F2,19218854.484716155,F3_1
111,F2,20119030.854023706,F3_1
112,F3,2880653.3817841546,F3_2
112,F3,3645803.2956955708,F3_2
112,F3,14192869.756082345,F3_2
112,F3,19218854.484716155,F3_2
112,F3,20209048.49095446,F3_2
112,F3,22564509.990642544,F3_2
113,F3,960277.1272613849,F3_3
113,F3,5056079.6076107295,F3_3
113,F3,9436937.938240798,F3_3
113,F3,10457137.82345602,F3_3
113,F3,18543722.207735494,F3_3
113,F3,19218854.484716155,F3_3
113,F3,21229248.37616968,F3_3
113,F3,22729542.325015593,F3_3
114,F3,1995479.9519650654,F3_4
114,F3,10457137.82345602,F3_4
114,F3,12257490.562071117,F3_4
114,F3,20299066.127885215,F3_4
114,F3,23509695.17841547,F3_4
115,F2,10877220.129132876,F3_5
115,F2,13067649.29444791,F3_5
115,F2,15198066.701809106,F3_5
116,F3,2880653.3817841546,F3_6
116,F3,4996067.849656893,F3_6
116,F3,12332505.259513412,F3_6
116,F3,15303087.278228322,F3_6
116,F3,16293281.284466624,F3_6
116,F3,17703557.596381783,F3_6
116,F3,20854174.8889582,F3_6
116,F3,21334268.952588893,F3_6
117,F3,1140312.4011228946,F3_7
117,F3,4651000.241422333,F3_7
117,F3,7741605.776044915,F3_7
117,F3,13352705.144728633,F3_7
117,F3,15993222.494697442,F3_7
117,F3,20194045.551466,F3_7
117,F3,22354468.837804116,F3_7
118,F3,2880653.3817841546,F3_8
118,F3,12167472.92514036,F3_8
118,F3,12332505.259513412,F3_8
118,F3,15258078.459762944,F3_8
119,F3,1410365.311915159,F3_9
119,F3,3585791.537741734,F3_9
119,F3,5221111.94198378,F3_9
119,F3,5956255.976918278,F3_9
119,F3,8926837.995633187,F3_9
119,F3,10682181.915782906,F3_9
119,F3,11222287.737367436,F3_9
119,F3,12332505.259513412,F3_9
119,F3,17583534.08047411,F3_9
119,F3,18813775.11852776,F3_9
120,F2,6796420.5882719895,F3_10
120,F2,7426544.046787273,F3_10
120,F2,10682181.915782906,F3_10
120,F2,10877220.129132876,F3_10
120,F2,12062452.348721147,F3_10
120,F2,12332505.259513412,F3_10
120,F2,18153645.781035557,F3_10
120,F2,20149036.73300062,F3_10
120,F2,21199242.497192763,F3_10
121,F2,3330741.566437929,F3_11
121,F2,9691987.909544604,F3_11
121,F2,11042252.463505926,F3_11
121,F2,13157666.931378664,F3_11
121,F2,17028425.319401123,F3_11
121,F2,19593927.971927635,F3_11
121,F2,20839171.94946974,F3_11
121,F2,22354468.837804116,F3_11
122,F2,2415562.2576419213,F3_12
122,F2,3090694.5346225826,F3_12
122,F2,3435762.1428571427,F3_12
122,F2,11042252.463505926,F3_12
122,F2,13157666.931378664,F3_12
122,F2,19398889.758577667,F3_12
122,F2,22399477.656269494,F3_12
122,F2,22789554.08296943,F3_12
122,F2,23404674.601996254,F3_12
123,F3,4651000.241422333,F3_13
123,F3,10412129.004990643,F3_13
123,F3,13277690.447286338,F3_13
123,F3,19833975.00374298,F3_13
123,F3,20119030.854023706,F3_13
123,F3,21904380.653150342,F3_13
124,F3,165121.33437305051,F3_14
124,F3,750235.9744229569,F3_14
124,F3,1410365.311915159,F3_14
124,F3,5656197.187149095,F3_14
124,F3,6271317.70617592,F3_14
124,F3,18618736.90517779,F3_14
124,F3,23704733.391765438,F3_14
125,F3,10877220.129132876,F3_15
125,F3,13082652.23393637,F3_15
125,F3,16638348.892701184,F3_15
125,F3,23479689.29943855,F3_15
126,F3,15198066.701809106,F3_16
126,F3,18618736.90517779,F3_16
127,F3,5941253.037429819,F3_17
127,F3,15858196.03930131,F3_17
127,F3,18723757.481597006,F3_17
127,F3,19218854.484716155,F3_17
127,F3,22684533.50655022,F3_17
128,F3,3270729.8084840924,F3_18
128,F3,10877220.129132876,F3_18
128,F3,12332505.259513412,F3_18
128,F3,17553528.201497193,F3_18
128,F3,18558725.147223953,F3_18
128,F3,18618736.90517779,F3_18
128,F3,20989201.344354335,F3_18
129,F3,10307108.428571427,F3_19
129,F3,16293281.284466624,F3_19
129,F3,18618736.90517779,F3_19
129,F3,19008813.331877727,F3_19
130,F3,960277.1272613849,F3_20
130,F3,2760629.8658764814,F3_20
130,F3,8986849.753587024,F3_20
130,F3,9106873.269494697,F3_20
130,F3,15528131.370555209,F3_20
131,F3,960277.1272613849,F3_21
131,F3,9481946.756706176,F3_21
131,F3,9857020.243917653,F3_21
131,F3,12332505.259513412,F3_21
131,F3,13067649.29444791,F3_21
131,F3,15258078.459762944,F3_21
131,F3,17943604.62819713,F3_21
131,F3,18783769.23955084,F3_21
131,F3,21229248.37616968,F3_21
132,F3,870259.49033063,F3_22
132,F3,6586379.435433562,F3_22
132,F3,10262099.610106051,F3_22
132,F3,10877220.129132876,F3_22
132,F3,12857608.141609482,F3_22
132,F3,14222875.635059264,F3_22
132,F3,15903204.857766686,F3_22
132,F3,20299066.127885215,F3_22
133,F3,1410365.311915159,F3_23
133,F3,3585791.537741734,F3_23
133,F3,7741605.776044915,F3_23
133,F3,10877220.129132876,F3_23
133,F3,19218854.484716155,F3_23
133,F3,19773963.245789144,F3_23
134,F2,5941253.037429819,F3_24
134,F2,18723757.481597006,F3_24
134,F2,22399477.656269494,F3_24
134,F2,23404674.601996254,F3_24
135,F3,1410365.311915159,F3_25
135,F3,3585791.537741734,F3_25
135,F3,9451940.877729258,F3_25
135,F3,10682181.915782906,F3_25
135,F3,11222287.737367436,F3_25
135,F3,22339465.898315657,F3_25
136,F2,1755432.920149719,F3_26
136,F2,18828778.05801622,F3_26
136,F2,20899183.70742358,F3_26
136,F2,23524698.11790393,F3_26
137,F3,1260335.9170305675,F3_27
137,F3,1635409.4042420462,F3_27
137,F3,3075691.595134123,F3_27
137,F3,5221111.94198378,F3_27
137,F3,12332505.259513412,F3_27
137,F3,22399477.656269494,F3_27
137,F3,23374668.72301934,F3_27
137,F3,23524698.11790393,F3_27
138,F3,1185321.219588272,F3_28
138,F3,6706402.951341235,F3_28
138,F3,10682181.915782906,F3_28
138,F3,14447919.72738615,F3_28
138,F3,15573140.189020585,F3_28
138,F3,16743369.469120398,F3_28
138,F3,19158842.72676232,F3_28
138,F3,21214245.436681222,F3_28
138,F3,22534504.111665625,F3_28
139,F3,2880653.3817841546,F3_29
139,F3,8401735.113537118,F3_29
139,F3,10397126.065502184,F3_29
139,F3,10787202.49220212,F3_29
139,F3,10877220.129132876,F3_29
139,F3,11702381.800998127,F3_29
140,F3,2130506.4073611978,F3_30
140,F3,4005873.84341859,F3_30
140,F3,4200912.056768559,F3_30
140,F3,5656197.187149095,F3_30
140,F3,18618736.90517779,F3_30
140,F3,20434092.583281346,F3_30
141,F3,4996067.849656893,F3_31
141,F3,6586379.435433562,F3_31
141,F3,9556961.454148471,F3_31
141,F3,10532152.520898316,F3_31
141,F3,11282299.495321272,F3_31
141,F3,11612364.164067373,F3_31
141,F3,12002440.590767311,F3_31
141,F3,14672963.819713037,F3_31
141,F3,15303087.278228322,F3_31
141,F3,15453116.673112912,F3_31
141,F3,21229248.37616968,F3_31
141,F3,23704733.391765438,F3_31
142,F3,825250.6718652527,F3_32
142,F3,3315738.6269494696,F3_32
142,F3,4651000.241422333,F3_32
142,F3,18378689.873362444,F3_32
142,F3,19833975.00374298,F3_32
142,F3,20119030.854023706,F3_32
142,F3,20494104.341235183,F3_32
143,F3,10262099.610106051,F3_33
143,F3,10877220.129132876,F3_33
143,F3,13607755.116032438,F3_33
143,F3,17568531.140985653,F3_33
143,F3,18003616.386150967,F3_33
144,F3,5251117.820960699,F3_34
144,F3,8296714.537117903,F3_34
144,F3,16293281.284466624,F3_34
144,F3,18618736.90517779,F3_34
145,F2,11042252.463505926,F3_35
145,F2,12662569.928259512,F3_35
145,F2,14162863.877105426,F3_35
145,F2,16578337.134747349,F3_35
145,F2,17823581.112289455,F3_35
145,F2,21259254.2551466,F3_35
146,F3,3270729.8084840924,F3_36
146,F3,10877220.129132876,F3_36
146,F3,11612364.164067373,F3_36
146,F3,12332505.259513412,F3_36
146,F3,17553528.201497193,F3_36
146,F3,18558725.147223953,F3_36
146,F3,20989201.344354335,F3_36
147,F3,1995479.9519650654,F3_37
147,F3,10877220.129132876,F3_37
147,F3,11552352.406113537,F3_37
147,F3,14447919.72738615,F3_37
147,F3,16743369.469120398,F3_37
147,F3,18333681.054897066,F3_37
148,F2,1995479.9519650654,F3_38
148,F2,10262099.610106051,F3_38
148,F2,10877220.129132876,F3_38
148,F2,20299066.127885215,F3_38
148,F2,22399477.656269494,F3_38
149,F2,2280535.802245789,F3_39
149,F2,3225720.9900187147,F3_39
149,F2,4996067.849656893,F3_39
150,F2,11282299.495321272,F3_40
150,F2,13157666.931378664,F3_40
150,F2,18093634.02308172,F3_40
150,F2,22399477.656269494,F3_40
151,F3,10292105.48908297,F3_41
151,F3,13022640.475982532,F3_41
152,F2,1935468.1940112289,F3_42
152,F2,10682181.915782906,F3_42
152,F2,15573140.189020585,F3_42
152,F2,19158842.72676232,F3_42
152,F2,21214245.436681222,F3_42
152,F2,21904380.653150342,F3_42
153,F3,2715621.047411104,F3_43
153,F3,2880653.3817841546,F3_43
153,F3,7816620.473487211,F3_43
153,F3,9091870.330006238,F3_43
153,F3,9601970.27261385,F3_43
153,F3,14192869.756082345,F3_43
153,F3,15498125.49157829,F3_43
153,F3,19218854.484716155,F3_43
153,F3,20209048.49095446,F3_43
154,F3,1305344.735495945,F3_44
154,F3,7741605.776044915,F3_44
154,F3,8986849.753587024,F3_44
154,F3,11042252.463505926,F3_44
154,F3,13157666.931378664,F3_44
154,F3,17313481.169681847,F3_44
154,F3,19218854.484716155,F3_44
154,F3,21214245.436681222,F3_44
154,F3,22114421.80598877,F3_44
154,F3,22354468.837804116,F3_44
154,F3,23689730.45227698,F3_44
155,F2,1410365.311915159,F3_45
155,F2,1545391.7673112913,F3_45
155,F2,10682181.915782906,F3_45
155,F2,11042252.463505926,F3_45
155,F2,11222287.737367436,F3_45
155,F2,13157666.931378664,F3_45
155,F2,22354468.837804116,F3_45
155,F2,23479689.29943855,F3_45
156,F2,7891635.170929506,F3_46
156,F2,12047449.409232687,F3_46
156,F2,14012834.482220836,F3_46
156,F2,15243075.520274485,F3_46
156,F2,23509695.17841547,F3_46
157,F2,825250.6718652527,F3_47
157,F2,2880653.3817841546,F3_47
157,F2,9316914.422333125,F3_47
157,F2,11702381.800998127,F3_47
157,F2,13607755.116032438,F3_47
158,F2,13202675.749844043,F3_48
158,F2,17028425.319401123,F3_48
158,F2,22399477.656269494,F3_48
159,F2,3270729.8084840924,F3_49
159,F2,10877220.129132876,F3_49
159,F2,12332505.259513412,F3_49
159,F2,13007637.536494073,F3_49
159,F2,17553528.201497193,F3_49
159,F2,18558725.147223953,F3_49
159,F2,20989201.344354335,F3_49
159,F2,21094221.920773547,F3_49
160,F3,5866238.339987523,F3_50
160,F3,15243075.520274485,F3_50
160,F3,18618736.90517779,F3_50
160,F3,19143839.78727386,F3_50
160,F3,23509695.17841547,F3_50
161,F2,870259.49033063,F3_51
161,F2,7111482.317529632,F3_51
161,F2,8581770.387398627,F3_51
161,F2,10517149.581409857,F3_51
161,F2,10547155.460386774,F3_51
162,F2,2715621.047411104,F3_52
162,F2,9601970.27261385,F3_52
162,F2,14462922.66687461,F3_52
162,F2,19563922.092950717,F3_52
162,F2,20494104.341235183,F3_52
163,F3,4590988.483468496,F3_53
163,F3,10877220.129132876,F3_53
163,F3,14447919.72738615,F3_53
163,F3,16743369.469120398,F3_53
164,F2,5941253.037429819,F3_54
164,F2,23749742.210230816,F3_54
165,F3,5116091.365564566,F3_55
165,F3,10682181.915782906,F3_55
165,F3,11267296.555832813,F3_55
165,F3,18153645.781035557,F3_55
165,F3,20149036.73300062,F3_55
165,F3,21199242.497192763,F3_55
166,F2,1635409.4042420462,F3_56
166,F2,11042252.463505926,F3_56
166,F2,12332505.259513412,F3_56
166,F2,13157666.931378664,F3_56
166,F2,22354468.837804116,F3_56
166,F2,22504498.232688706,F3_56
166,F2,23479689.29943855,F3_56
167,F3,9106873.269494697,F3_57
167,F3,10892223.068621334,F3_57
167,F3,17598537.019962568,F3_57
167,F3,19218854.484716155,F3_57
167,F3,21454292.46849657,F3_57
168,F2,3885850.3275109166,F3_58
168,F2,4831035.515283843,F3_58
169,F3,1485380.0093574547,F3_59
169,F3,11942428.832813473,F3_59
169,F3,14357902.090455396,F3_59
169,F3,22564509.990642544,F3_59
170,F3,7741605.776044915,F3_60
170,F3,10877220.129132876,F3_60
170,F3,14447919.72738615,F3_60
170,F3,16743369.469120398,F3_60
170,F3,23389671.6625078,F3_60
171,F3,11702381.800998127,F3_61
171,F3,12242487.622582657,F3_61
171,F3,17553528.201497193,F3_61
172,F3,540194.821584529,F3_62
172,F3,4801029.636306925,F3_62
172,F3,5911247.1584529,F3_62
172,F3,10652176.036805987,F3_62
172,F3,11432328.890205864,F3_62
172,F3,15183063.762320649,F3_62
172,F3,15573140.189020585,F3_62
172,F3,19158842.72676232,F3_62
172,F3,21214245.436681222,F3_62
172,F3,22534504.111665625,F3_62
173,F3,8341723.355583281,F3_63
173,F3,12332505.259513412,F3_63
173,F3,22054410.048034932,F3_63
173,F3,22399477.656269494,F3_63
173,F3,23404674.601996254,F3_63
174,F3,135115.45539613225,F3_64
174,F3,4996067.849656893,F3_64
174,F3,7741605.776044915,F3_64
174,F3,11042252.463505926,F3_64
174,F3,13157666.931378664,F3_64
174,F3,14702969.698689956,F3_64
174,F3,15243075.520274485,F3_64
174,F3,22354468.837804116,F3_64
175,F2,1200324.1590767312,F3_65
175,F2,4996067.849656893,F3_65
175,F2,22564509.990642544,F3_65
176,F3,3885850.3275109166,F3_66
176,F3,7096479.378041172,F3_66
176,F3,8311717.4766063625,F3_66
176,F3,9736996.72800998,F3_66
176,F3,12857608.141609482,F3_66
176,F3,13892810.966313163,F3_66
176,F3,19158842.72676232,F3_66
176,F3,22564509.990642544,F3_66
177,F1,18048625.20461634,F3_67
177,F1,19563922.092950717,F3_67
177,F1,20494104.341235183,F3_67
178,F3,4906050.2127261385,F3_68
178,F3,8581770.387398627,F3_68
179,F2,10682181.915782906,F3_69
179,F2,11222287.737367436,F3_69
179,F2,21634327.742358077,F3_69
180,F3,10892223.068621334,F3_70
180,F3,15003028.488459138,F3_70
180,F3,17118442.956331875,F3_70
180,F3,19218854.484716155,F3_70
180,F3,19593927.971927635,F3_70
180,F3,22354468.837804116,F3_70
181,F3,2310541.6812227075,F3_71
181,F3,11612364.164067373,F3_71
181,F3,11747390.619463505,F3_71
181,F3,12527543.47286338,F3_71
181,F3,16443310.679351216,F3_71
181,F3,19908989.701185275,F3_71
182,F3,5206109.002495321,F3_72
182,F3,17838584.051777914,F3_72
182,F3,17898595.80973175,F3_72
182,F3,18723757.481597006,F3_72
183,F3,6346332.403618216,F3_73
183,F3,12302499.380536493,F3_73
183,F3,16638348.892701184,F3_73
183,F3,17358489.98814722,F3_73
183,F3,23509695.17841547,F3_73
184,F3,6106285.371802869,F3_74
184,F3,7126485.257018091,F3_74
184,F3,11687378.86150967,F3_74
184,F3,16983416.500935744,F3_74
185,F2,11042252.463505926,F3_75
185,F2,13157666.931378664,F3_75
185,F2,15423110.794135993,F3_75
185,F2,19218854.484716155,F3_75
185,F2,21589318.9238927,F3_75
185,F2,22534504.111665625,F3_75
185,F2,23509695.17841547,F3_75
186,F3,3810835.630068621,F3_76
186,F3,11042252.463505926,F3_76
186,F3,12452528.775421085,F3_76
186,F3,13457725.721147846,F3_76
186,F3,16938407.682470366,F3_76
186,F3,22354468.837804116,F3_76
186,F3,22564509.990642544,F3_76
186,F3,22609518.809107922,F3_76
187,F3,6676397.072364316,F3_77
187,F3,10892223.068621334,F3_77
187,F3,11687378.86150967,F3_77
187,F3,13652763.934497816,F3_77
187,F3,15573140.189020585,F3_77
187,F3,22399477.656269494,F3_77
188,F3,2265532.86275733,F3_78
188,F3,6556373.556456643,F3_78
188,F3,8311717.4766063625,F3_78
188,F3,15498125.49157829,F3_78
188,F3,18618736.90517779,F3_78
188,F3,19158842.72676232,F3_78
188,F3,22564509.990642544,F3_78
189,F3,5026073.728633812,F3_79
189,F3,6346332.403618216,F3_79
189,F3,7861629.291952589,F3_79
189,F3,9226896.78540237,F3_79
189,F3,13637760.995009357,F3_79
189,F3,23509695.17841547,F3_79
189,F3,23554703.996880848,F3_79
190,F3,10682181.915782906,F3_80
190,F3,12332505.259513412,F3_80
190,F3,15258078.459762944,F3_80
190,F3,15573140.189020585,F3_80
190,F3,19158842.72676232,F3_80
190,F3,21214245.436681222,F3_80
190,F3,21904380.653150342,F3_80
191,F2,6346332.403618216,F3_81
191,F2,7861629.291952589,F3_81
191,F2,9226896.78540237,F3_81
191,F2,23509695.17841547,F3_81
192,F3,4470964.967560823,F3_82
192,F3,10877220.129132876,F3_82
192,F3,12062452.348721147,F3_82
192,F3,12332505.259513412,F3_82
192,F3,13022640.475982532,F3_82
193,F2,2130506.4073611978,F3_83
193,F2,4005873.84341859,F3_83
193,F2,12557549.351840299,F3_83
193,F2,15993222.494697442,F3_83
193,F2,18783769.23955084,F3_83
193,F2,20569119.03867748,F3_83
194,F1,10892223.068621334,F3_84
194,F1,12392517.01746725,F3_84
194,F1,16713363.59014348,F3_84
195,F3,5461158.973799126,F3_85
195,F3,6346332.403618216,F3_85
195,F3,7861629.291952589,F3_85
195,F3,9226896.78540237,F3_85
195,F3,9316914.422333125,F3_85
195,F3,11027249.524017466,F3_85
195,F3,13352705.144728633,F3_85
195,F3,22129424.74547723,F3_85
196,F3,3270729.8084840924,F3_86
196,F3,6091282.43231441,F3_86
196,F3,10877220.129132876,F3_86
196,F3,12332505.259513412,F3_86
196,F3,12392517.01746725,F3_86
196,F3,17553528.201497193,F3_86
196,F3,18558725.147223953,F3_86
196,F3,20989201.344354335,F3_86
196,F3,21589318.9238927,F3_86
196,F3,22804557.02245789,F3_86
196,F3,23509695.17841547,F3_86
197,F2,12392517.01746725,F3_87
197,F2,13067649.29444791,F3_87
197,F2,22399477.656269494,F3_87
197,F2,22429483.535246413,F3_87
198,F2,11747390.619463505,F3_88
198,F2,15603146.067997504,F3_88
199,F3,6751411.769806612,F3_89
199,F3,14057843.300686212,F3_89
199,F3,19218854.484716155,F3_89
199,F3,23314656.9650655,F3_89
200,F3,8401735.113537118,F3_90
200,F3,9827014.364940736,F3_90
200,F3,19218854.484716155,F3_90
200,F3,19773963.245789144,F3_90
200,F3,23509695.17841547,F3_90
201,F3,960277.1272613849,F3_91
201,F3,13937819.78477854,F3_91
201,F3,17493516.443543356,F3_91
201,F3,18048625.20461634,F3_91
201,F3,19218854.484716155,F3_91
201,F3,22729542.325015593,F3_91
202,F2,870259.49033063,F3_92
202,F2,10067061.396756083,F3_92
202,F2,14883004.972551465,F3_92
202,F2,18933798.634435434,F3_92
202,F2,23524698.11790393,F3_92
203,F2,3885850.3275109166,F3_93
203,F2,6721405.8908296935,F3_93
203,F2,11042252.463505926,F3_93
203,F2,13157666.931378664,F3_93
203,F2,20359077.885839052,F3_93
203,F2,22354468.837804116,F3_93
203,F2,23479689.29943855,F3_93
204,F3,12332505.259513412,F3_94
204,F3,15258078.459762944,F3_94
204,F3,18453704.57080474,F3_94
204,F3,18618736.90517779,F3_94
204,F3,21229248.37616968,F3_94
205,F3,11702381.800998127,F3_95
205,F3,21619324.802869618,F3_95
206,F3,10382123.126013724,F3_96
206,F3,12707578.74672489,F3_96
206,F3,14357902.090455396,F3_96
206,F3,16383298.921397379,F3_96
207,F2,6916444.104179663,F3_97
207,F2,12857608.141609482,F3_97
207,F2,13892810.966313163,F3_97
207,F2,20344074.946350593,F3_97
208,F3,4816032.575795383,F3_98
208,F3,7741605.776044915,F3_98
208,F3,17208460.59326263,F3_98
209,F3,2685615.168434186,F3_99
209,F3,4335938.5121646905,F3_99
209,F3,7816620.473487211,F3_99
209,F3,9091870.330006238,F3_99
209,F3,11042252.463505926,F3_99
209,F3,12167472.92514036,F3_99
209,F3,13157666.931378664,F3_99
209,F3,22354468.837804116,F3_99
209,F3,23344662.84404242,F3_99
209,F3,23839759.847161572,F3_99
210,F3,1755432.920149719,F3_100
210,F3,11057255.402994385,F3_100
210,F3,12332505.259513412,F3_100
210,F3,18723757.481597006,F3_100
210,F3,20899183.70742358,F3_100
211,F3,1635409.4042420462,F3_101
211,F3,3390753.324391765,F3_101
211,F3,6946449.983156581,F3_101
211,F3,12332505.259513412,F3_101
211,F3,14357902.090455396,F3_101
211,F3,22564509.990642544,F3_101
212,F3,10457137.82345602,F3_102
212,F3,12737584.62570181,F3_102
212,F3,14192869.756082345,F3_102
212,F3,15168060.82283219,F3_102
212,F3,19218854.484716155,F3_102
212,F3,22729542.325015593,F3_102
213,F3,5911247.1584529,F3_103
213,F3,10652176.036805987,F3_103
213,F3,14522934.424828446,F3_103
213,F3,19833975.00374298,F3_103
213,F3,20119030.854023706,F3_103
213,F3,21904380.653150342,F3_103
214,F3,2730623.986899563,F3_104
214,F3,2880653.3817841546,F3_104
214,F3,4350941.45165315,F3_104
214,F3,9436937.938240798,F3_104
214,F3,13517737.479101684,F3_104
214,F3,22399477.656269494,F3_104
215,F3,1170318.280099813,F3_105
215,F3,7381535.228321896,F3_105
215,F3,11042252.463505926,F3_105
215,F3,13157666.931378664,F3_105
215,F3,15573140.189020585,F3_105
215,F3,21259254.2551466,F3_105
215,F3,21739348.318777293,F3_105
216,F2,4275926.754210855,F3_106
216,F2,10262099.610106051,F3_106
216,F2,14507931.485339986,F3_106
216,F2,16263275.405489706,F3_106
216,F2,19218854.484716155,F3_106
216,F2,22609518.809107922,F3_106
217,F2,1170318.280099813,F3_107
217,F2,10877220.129132876,F3_107
217,F2,11042252.463505926,F3_107
217,F2,12452528.775421085,F3_107
217,F2,13457725.721147846,F3_107
217,F2,16968413.561447285,F3_107
217,F2,21259254.2551466,F3_107
217,F2,22354468.837804116,F3_107
217,F2,22609518.809107922,F3_107
218,F3,1965474.0729881471,F3_108
218,F3,6346332.403618216,F3_108
218,F3,7861629.291952589,F3_108
218,F3,9226896.78540237,F3_108
218,F3,14357902.090455396,F3_108
218,F3,22564509.990642544,F3_108
218,F3,23509695.17841547,F3_108
219,F3,11687378.86150967,F3_109
219,F3,16818384.166562695,F3_109
219,F3,18618736.90517779,F3_109
219,F3,19938995.580162194,F3_109
220,F3,540194.821584529,F3_110
220,F3,4801029.636306925,F3_110
220,F3,6031270.674360573,F3_110
220,F3,6481358.859014348,F3_110
220,F3,10682181.915782906,F3_110
220,F3,13022640.475982532,F3_110
220,F3,15573140.189020585,F3_110
220,F3,19158842.72676232,F3_110
220,F3,21214245.436681222,F3_110
220,F3,22534504.111665625,F3_110
221,F2,13022640.475982532,F3_111
221,F2,22399477.656269494,F3_111
221,F2,23404674.601996254,F3_111
222,F3,780241.8533998752,F3_112
222,F3,5281123.6999376165,F3_112
222,F3,9316914.422333125,F3_112
222,F3,15063040.246412976,F3_112
222,F3,16728366.529631939,F3_112
222,F3,22399477.656269494,F3_112
222,F3,23869765.726138487,F3_112
223,F2,5911247.1584529,F3_113
223,F2,10652176.036805987,F3_113
223,F2,18153645.781035557,F3_113
223,F2,19833975.00374298,F3_113
223,F2,20119030.854023706,F3_113
223,F2,20149036.73300062,F3_113
223,F2,21199242.497192763,F3_113
223,F2,21904380.653150342,F3_113
224,F3,5941253.037429819,F3_114
224,F3,13517737.479101684,F3_114
224,F3,15963216.615720524,F3_114
224,F3,16713363.59014348,F3_114
224,F3,22399477.656269494,F3_114
225,F2,3675809.174672489,F3_115
225,F2,18618736.90517779,F3_115
225,F2,21394280.71054273,F3_115
225,F2,23524698.11790393,F3_115
226,F3,9902029.062383031,F3_116
226,F3,13352705.144728633,F3_116
226,F3,18243663.417966314,F3_116
226,F3,21259254.2551466,F3_116
227,F2,9106873.269494697,F3_117
227,F2,12332505.259513412,F3_117
227,F2,21229248.37616968,F3_117
228,F3,10472140.762944479,F3_118
228,F3,11252293.616344353,F3_118
228,F3,11882417.074859638,F3_118
228,F3,18153645.781035557,F3_118
228,F3,20149036.73300062,F3_118
228,F3,20359077.885839052,F3_118
228,F3,21199242.497192763,F3_118
228,F3,22354468.837804116,F3_118
229,F3,615209.5190268246,F3_119
229,F3,720230.0954460386,F3_119
229,F3,5071082.547099189,F3_119
229,F3,13352705.144728633,F3_119
229,F3,16293281.284466624,F3_119
229,F3,21259254.2551466,F3_119
230,F3,1515385.888334373,F3_120
230,F3,8416738.053025577,F3_120
230,F3,12332505.259513412,F3_120
231,F3,3810835.630068621,F3_121
231,F3,6751411.769806612,F3_121
231,F3,14057843.300686212,F3_121
231,F3,14357902.090455396,F3_121
231,F3,21049213.102308173,F3_121
231,F3,22564509.990642544,F3_121
232,F2,13352705.144728633,F3_122
232,F2,18063628.1441048,F3_122
232,F2,22354468.837804116,F3_122
233,F3,13352705.144728633,F3_123
233,F3,15333093.157205239,F3_123
233,F3,15618149.007485963,F3_123
233,F3,19218854.484716155,F3_123
234,F2,135115.45539613225,F3_124
234,F2,10877220.129132876,F3_124
234,F2,14447919.72738615,F3_124
234,F2,16743369.469120398,F3_124
234,F2,17028425.319401123,F3_124
234,F2,19218854.484716155,F3_124
234,F2,19773963.245789144,F3_124
235,F3,12392517.01746725,F3_125
235,F3,14447919.72738615,F3_125
235,F3,16743369.469120398,F3_125
236,F3,825250.6718652527,F3_126
236,F3,9256902.664379288,F3_126
236,F3,11042252.463505926,F3_126
236,F3,12332505.259513412,F3_126
236,F3,13157666.931378664,F3_126
236,F3,15258078.459762944,F3_126
236,F3,18093634.02308172,F3_126
236,F3,22399477.656269494,F3_126
237,F3,5851235.400499064,F3_127
237,F3,9691987.909544604,F3_127
237,F3,11042252.463505926,F3_127
237,F3,13157666.931378664,F3_127
237,F3,20434092.583281346,F3_127
237,F3,22399477.656269494,F3_127
238,F2,405168.36618839676,F3_128
238,F2,1455374.1303805364,F3_128
238,F2,11042252.463505926,F3_128
238,F2,12332505.259513412,F3_128
238,F2,13157666.931378664,F3_128
238,F2,19128836.847785402,F3_128
238,F2,22654527.6275733,F3_128
238,F2,23899771.605115406,F3_128
239,F3,615209.5190268246,F3_129
239,F3,720230.0954460386,F3_129
239,F3,1065297.7036805989,F3_129
239,F3,10682181.915782906,F3_129
239,F3,11222287.737367436,F3_129
239,F3,13607755.116032438,F3_129
239,F3,17703557.596381783,F3_129
239,F3,18978807.45290081,F3_129
239,F3,19263863.303181533,F3_129
240,F3,3885850.3275109166,F3_130
240,F3,6721405.8908296935,F3_130
240,F3,14357902.090455396,F3_130
240,F3,16548331.25577043,F3_130
240,F3,22564509.990642544,F3_130
241,F3,1635409.4042420462,F3_131
241,F3,12332505.259513412,F3_131
241,F3,14732975.577666873,F3_131
241,F3,17883592.870243292,F3_131
241,F3,18048625.20461634,F3_131
242,F3,4996067.849656893,F3_132
242,F3,8401735.113537118,F3_132
242,F3,9436937.938240798,F3_132
242,F3,14868002.033063006,F3_132
242,F3,23509695.17841547,F3_132
243,F3,2160512.286338116,F3_133
243,F3,3075691.595134123,F3_133
243,F3,5806226.582033686,F3_133
243,F3,11042252.463505926,F3_133
243,F3,13157666.931378664,F3_133
243,F3,17118442.956331875,F3_133
243,F3,19593927.971927635,F3_133
243,F3,22354468.837804116,F3_133
243,F3,23434680.480973173,F3_133
244,F3,885262.4298190891,F3_134
244,F3,5581182.489706799,F3_134
244,F3,6466355.919525889,F3_134
244,F3,7876632.231441048,F3_134
244,F3,9451940.877729258,F3_134
244,F3,11537349.466625078,F3_134
244,F3,13352705.144728633,F3_134
244,F3,17898595.80973175,F3_134
245,F3,6751411.769806612,F3_135
245,F3,14057843.300686212,F3_135
245,F3,16713363.59014348,F3_135
245,F3,18723757.481597006,F3_135
245,F3,23314656.9650655,F3_135
246,F3,6916444.104179663,F3_136
246,F3,8026661.626325639,F3_136
246,F3,12857608.141609482,F3_136
246,F3,13892810.966313163,F3_136
246,F3,18153645.781035557,F3_136
246,F3,19158842.72676232,F3_136
246,F3,20149036.73300062,F3_136
246,F3,21199242.497192763,F3_136
246,F3,22984592.2963194,F3_136
247,F2,14327896.211478477,F3_137
247,F2,17808578.172800995,F3_137
247,F2,23524698.11790393,F3_137
248,F3,2130506.4073611978,F3_138
248,F3,4005873.84341859,F3_138
248,F3,7186497.014971928,F3_138
248,F3,13712775.692451652,F3_138
248,F3,18618736.90517779,F3_138
248,F3,20434092.583281346,F3_138
248,F3,23869765.726138487,F3_138
249,F2,2115503.4678727384,F3_139
250,F2,3075691.595134123,F3_140
250,F2,9436937.938240798,F3_140
250,F2,10982240.70555209,F3_140
250,F2,19158842.72676232,F3_140
250,F2,22564509.990642544,F3_140
251,F2,8176691.02121023,F3_141
251,F2,16983416.500935744,F3_141
251,F2,18153645.781035557,F3_141
251,F2,20149036.73300062,F3_141
251,F2,21199242.497192763,F3_141
252,F3,525191.8820960699,F3_142
252,F3,6646391.1933873985,F3_142
252,F3,11042252.463505926,F3_142
252,F3,13157666.931378664,F3_142
252,F3,13442722.781659387,F3_142
252,F3,16368295.98190892,F3_142
253,F3,8041664.565814098,F3_143
253,F3,18153645.781035557,F3_143
253,F3,20149036.73300062,F3_143
253,F3,21199242.497192763,F3_143
254,F2,960277.1272613849,F3_144
254,F2,4545979.665003119,F3_144
254,F2,5416150.155333749,F3_144
254,F2,10367120.186525265,F3_144
254,F2,13022640.475982532,F3_144
254,F2,13412716.90268247,F3_144
255,F3,4996067.849656893,F3_145
255,F3,8416738.053025577,F3_145
255,F3,12332505.259513412,F3_145
255,F3,16428307.739862757,F3_145
255,F3,19488907.39550842,F3_145
256,F1,960277.1272613849,F3_146
256,F1,5056079.6076107295,F3_146
256,F1,23704733.391765438,F3_146
257,F2,5956255.976918278,F3_147
257,F2,8926837.995633187,F3_147
257,F2,12332505.259513412,F3_147
257,F2,17598537.019962568,F3_147
257,F2,21454292.46849657,F3_147
258,F2,11042252.463505926,F3_148
258,F2,12062452.348721147,F3_148
258,F2,12572552.291328758,F3_148
258,F2,13157666.931378664,F3_148
258,F2,18618736.90517779,F3_148
259,F3,720230.0954460386,F3_149
259,F3,960277.1272613849,F3_149
259,F3,5056079.6076107295,F3_149
259,F3,8746802.721771678,F3_149
259,F3,9226896.78540237,F3_149
259,F3,14642957.940736119,F3_149
260,F2,11702381.800998127,F3_150
260,F2,20494104.341235183,F3_150
261,F3,6916444.104179663,F3_151
261,F3,8416738.053025577,F3_151
261,F3,12332505.259513412,F3_151
261,F3,12857608.141609482,F3_151
261,F3,13892810.966313163,F3_151
261,F3,19158842.72676232,F3_151
262,F2,2895656.3212726135,F3_152
262,F2,15243075.520274485,F3_152
262,F2,18618736.90517779,F3_152
262,F2,21394280.71054273,F3_152
262,F2,21649330.681846537,F3_152
262,F2,23509695.17841547,F3_152
263,F3,960277.1272613849,F3_153
263,F3,2880653.3817841546,F3_153
263,F3,4996067.849656893,F3_153
263,F3,7741605.776044915,F3_153
263,F3,11042252.463505926,F3_153
263,F3,13157666.931378664,F3_153
263,F3,22354468.837804116,F3_153
263,F3,22414480.595757954,F3_153
263,F3,23134621.691203993,F3_153
264,F2,11087261.281971304,F3_154
264,F2,14057843.300686212,F3_154
264,F2,18093634.02308172,F3_154
264,F2,23524698.11790393,F3_154
265,F3,4470964.967560823,F3_155
265,F3,19218854.484716155,F3_155
266,F2,13517737.479101684,F3_156
266,F2,18003616.386150967,F3_156
267,F2,18618736.90517779,F3_157
267,F2,19338878.00062383,F3_157
267,F2,22399477.656269494,F3_157
267,F2,23404674.601996254,F3_157
268,F3,525191.8820960699,F3_158
268,F3,9481946.756706176,F3_158
268,F3,16038231.313162819,F3_158
268,F3,16368295.98190892,F3_158
269,F2,1410365.311915159,F3_159
269,F2,3585791.537741734,F3_159
269,F2,7741605.776044915,F3_159
269,F2,10877220.129132876,F3_159
269,F2,17553528.201497193,F3_159
269,F2,18558725.147223953,F3_159
269,F2,19758960.306300685,F3_159
269,F2,20989201.344354335,F3_159
270,F2,1635409.4042420462,F3_160
270,F2,12332505.259513412,F3_160
270,F2,13322699.265751716,F3_160
270,F2,13832799.208359325,F3_160
270,F2,21469295.407985028,F3_160
270,F2,22399477.656269494,F3_160
271,F3,330153.66874610103,F3_161
271,F3,510188.9426076107,F3_161
271,F3,2715621.047411104,F3_161
271,F3,9601970.27261385,F3_161
271,F3,15498125.49157829,F3_161
271,F3,17718560.535870243,F3_161
271,F3,21694339.500311915,F3_161
272,F3,6751411.769806612,F3_162
272,F3,14057843.300686212,F3_162
272,F3,15603146.067997504,F3_162
272,F3,16773375.348097317,F3_162
272,F3,21604321.86338116,F3_162
272,F3,22399477.656269494,F3_162
272,F3,23314656.9650655,F3_162
273,F3,960277.1272613849,F3_163
273,F3,1755432.920149719,F3_163
273,F3,5911247.1584529,F3_163
273,F3,9346920.301310044,F3_163
273,F3,10652176.036805987,F3_163
273,F3,12332505.259513412,F3_163
273,F3,19833975.00374298,F3_163
273,F3,20119030.854023706,F3_163
273,F3,20899183.70742358,F3_163
273,F3,21904380.653150342,F3_163
274,F3,870259.49033063,F3_164
274,F3,10217090.791640673,F3_164
274,F3,11042252.463505926,F3_164
274,F3,11687378.86150967,F3_164
274,F3,13157666.931378664,F3_164
274,F3,15573140.189020585,F3_164
274,F3,22399477.656269494,F3_164
275,F2,5086085.486587648,F3_165
275,F2,11222287.737367436,F3_165
275,F2,13517737.479101684,F3_165
275,F2,18003616.386150967,F3_165
276,F3,4410953.2096069865,F3_166
276,F3,8176691.02121023,F3_166
276,F3,10877220.129132876,F3_166
276,F3,14522934.424828446,F3_166
276,F3,16983416.500935744,F3_166
276,F3,19578925.032439176,F3_166
277,F3,8011658.68683718,F3_167
277,F3,11042252.463505926,F3_167
277,F3,13157666.931378664,F3_167
277,F3,15048037.306924516,F3_167
277,F3,18693751.602620088,F3_167
277,F3,22399477.656269494,F3_167
278,F2,11462334.769182783,F3_168
278,F2,17028425.319401123,F3_168
278,F2,23434680.480973173,F3_168
279,F3,1410365.311915159,F3_169
279,F3,3585791.537741734,F3_169
279,F3,7741605.776044915,F3_169
279,F3,10877220.129132876,F3_169
279,F3,18723757.481597006,F3_169
280,F3,9316914.422333125,F3_170
281,F3,11042252.463505926,F3_171
281,F3,11852411.195882719,F3_171
281,F3,13157666.931378664,F3_171
281,F3,15333093.157205239,F3_171
281,F3,17823581.112289455,F3_171
281,F3,22399477.656269494,F3_171
282,F3,930271.2482844666,F3_172
282,F3,2610600.47099189,F3_172
282,F3,3540782.7192763565,F3_172
282,F3,6346332.403618216,F3_172
282,F3,7861629.291952589,F3_172
282,F3,9226896.78540237,F3_172
282,F3,18618736.90517779,F3_172
282,F3,23509695.17841547,F3_172
283,F3,810247.7323767935,F3_173
283,F3,6346332.403618216,F3_173
283,F3,7861629.291952589,F3_173
283,F3,9226896.78540237,F3_173
283,F3,11252293.616344353,F3_173
283,F3,13442722.781659387,F3_173
283,F3,16638348.892701184,F3_173
283,F3,18618736.90517779,F3_173
283,F3,21394280.71054273,F3_173
283,F3,22774551.14348097,F3_173
283,F3,23464686.35995009,F3_173
284,F2,10262099.610106051,F3_174
284,F2,10877220.129132876,F3_174
284,F2,17088437.07735496,F3_174
284,F2,19969001.459139112,F3_174
284,F2,20299066.127885215,F3_174
284,F2,22399477.656269494,F3_174
285,F3,960277.1272613849,F3_175
285,F3,7741605.776044915,F3_175
285,F3,11042252.463505926,F3_175
285,F3,13157666.931378664,F3_175
285,F3,19218854.484716155,F3_175
285,F3,19623933.850904554,F3_175
285,F3,20044016.15658141,F3_175
286,F3,405168.36618839676,F3_176
286,F3,1455374.1303805364,F3_176
286,F3,8341723.355583281,F3_176
286,F3,15603146.067997504,F3_176
286,F3,18618736.90517779,F3_176
286,F3,21394280.71054273,F3_176
286,F3,22654527.6275733,F3_176
287,F3,9211893.845913911,F3_177
287,F3,10877220.129132876,F3_177
287,F3,14762981.456643792,F3_177
287,F3,16173257.768558951,F3_177
287,F3,19218854.484716155,F3_177
288,F1,2895656.3212726135,F3_178
288,F1,21214245.436681222,F3_178
288,F1,22519501.172177166,F3_178
288,F1,22534504.111665625,F3_178
288,F1,23449683.420461632,F3_178
289,F2,18618736.90517779,F3_179
290,F2,18618736.90517779,F3_180
290,F2,20059019.09606987,F3_180
290,F2,23509695.17841547,F3_180
291,F3,10877220.129132876,F3_181
291,F3,19218854.484716155,F3_181
292,F3,870259.49033063,F3_182
292,F3,12722581.68621335,F3_182
292,F3,13517737.479101684,F3_182
292,F3,18618736.90517779,F3_182
293,F2,1875456.4360573923,F3_183
293,F2,3300735.6874610106,F3_183
293,F2,4380947.330630069,F3_183
293,F2,9556961.454148471,F3_183
293,F2,10637173.09731753,F3_183
293,F2,14192869.756082345,F3_183
293,F2,14447919.72738615,F3_183
293,F2,15303087.278228322,F3_183
293,F2,19218854.484716155,F3_183
293,F2,19893986.76169682,F3_183
294,F3,1050294.7641921397,F3_184
294,F3,2115503.4678727384,F3_184
294,F3,13352705.144728633,F3_184
294,F3,14522934.424828446,F3_184
294,F3,14687966.759201497,F3_184
294,F3,22489495.293200247,F3_184
295,F3,12542546.41235184,F3_185
295,F3,16383298.921397379,F3_185
295,F3,17388495.86712414,F3_185
296,F2,16728366.529631939,F3_186
296,F2,19218854.484716155,F3_186
297,F3,615209.5190268246,F3_187
297,F3,720230.0954460386,F3_187
297,F3,1635409.4042420462,F3_187
297,F3,5071082.547099189,F3_187
297,F3,12332505.259513412,F3_187
297,F3,13607755.116032438,F3_187
297,F3,17703557.596381783,F3_187
297,F3,18978807.45290081,F3_187
298,F3,10457137.82345602,F3_188
298,F3,23509695.17841547,F3_188
299,F3,570200.7005614473,F3_189
299,F3,4425956.149095446,F3_189
299,F3,8986849.753587024,F3_189
299,F3,10877220.129132876,F3_189
299,F3,14447919.72738615,F3_189
299,F3,15528131.370555209,F3_189
299,F3,16743369.469120398,F3_189
300,F3,3930859.1459762943,F3_190
300,F3,9481946.756706176,F3_190
300,F3,9511952.635683093,F3_190
300,F3,10052058.457267623,F3_190
300,F3,11042252.463505926,F3_190
300,F3,12332505.259513412,F3_190
300,F3,13157666.931378664,F3_190
300,F3,15258078.459762944,F3_190
300,F3,15573140.189020585,F3_190
300,F3,19893986.76169682,F3_190
300,F3,21559313.04491578,F3_190
301,F3,930271.2482844666,F3_191
301,F3,14507931.485339986,F3_191
301,F3,22129424.74547723,F3_191
302,F3,615209.5190268246,F3_192
302,F3,720230.0954460386,F3_192
302,F3,5071082.547099189,F3_192
302,F3,13607755.116032438,F3_192
302,F3,14762981.456643792,F3_192
302,F3,17703557.596381783,F3_192
302,F3,18978807.45290081,F3_192
302,F3,19218854.484716155,F3_192
303,F3,825250.6718652527,F3_193
303,F3,8176691.02121023,F3_193
303,F3,16293281.284466624,F3_193
303,F3,20044016.15658141,F3_193
303,F3,21214245.436681222,F3_193
303,F3,22534504.111665625,F3_193
304,F3,5281123.6999376165,F3_194
304,F3,6061276.553337492,F3_194
304,F3,9031858.5720524,F3_194
304,F3,17028425.319401123,F3_194
304,F3,18048625.20461634,F3_194
304,F3,19218854.484716155,F3_194
304,F3,20974198.404865876,F3_194
305,F2,3390753.324391765,F3_195
305,F2,13352705.144728633,F3_195
305,F2,19533916.213973798,F3_195
305,F2,20959195.465377416,F3_195
306,F3,1035291.8247036806,F3_196
306,F3,2430565.19713038,F3_196
306,F3,12392517.01746725,F3_196
306,F3,12452528.775421085,F3_196
306,F3,17208460.59326263,F3_196
307,F3,4996067.849656893,F3_197
307,F3,10052058.457267623,F3_197
307,F3,11282299.495321272,F3_197
307,F3,12722581.68621335,F3_197
307,F3,15303087.278228322,F3_197
308,F3,17028425.319401123,F3_198
308,F3,18153645.781035557,F3_198
308,F3,19218854.484716155,F3_198
308,F3,20149036.73300062,F3_198
308,F3,21199242.497192763,F3_198
308,F3,21799360.076731127,F3_198
308,F3,22639524.68808484,F3_198
309,F2,3705815.0536494073,F3_199
309,F2,16458313.618839676,F3_199
309,F2,20434092.583281346,F3_199
309,F2,22399477.656269494,F3_199
