ChildIndividualID,FatherIndividualID,MotherIndividualID,LeadingFather,LeadingMother,ReportedParentCount,FatherEdgeEvidenceClass,MotherEdgeEvidenceClass,TierAExactPair,TierBExactPair,PairInterpretation,PairBootstrapFraction,FatherBootstrapFraction,MotherBootstrapFraction,PairVariantFraction,PairLeaveOneChromosomeFraction,PairAlternatives95,EvidenceTier,ParentCountMAPState,DesignGuaranteeApplied,ForcedCompletionApplied
fAulAsc1,fAulAsc151,fAulAsc153,fAulAsc151,fAulAsc153,2,Tier_B_additional_identity,Tier_B_additional_identity,False,False,both_identities_reported_pair_ambiguous,0.455,0.7330000000000001,0.7105,1.0,0.9545454545454546,fAulAsc151+fAulAsc153:0.455;fAulAsc151+fAulAsc154:0.278;fAulAsc155+fAulAsc153:0.179;fAulAsc150+fAulAsc153:0.038,B_both_parent_identities_pair_ambiguous,mother_only,False,False
fAulAsc2,fAulAsc157,fAulAsc154,fAulAsc157,fAulAsc154,2,Tier_A_strict_identity,Tier_B_additional_identity,False,True,Tier_B_or_better_exact_pair,0.82375,0.95275,0.8694999999999999,1.0,1.0,fAulAsc157+fAulAsc154:0.824;fAulAsc157+fAulAsc153:0.129,B_exact_pair,zero_parent,False,False
fAulAsc3,fAulAsc157,fAulAsc154,fAulAsc157,fAulAsc154,2,Tier_B_additional_identity,Tier_B_additional_identity,False,False,both_identities_reported_pair_ambiguous,0.474,0.8135,0.5812499999999999,1.0,0.8636363636363636,fAulAsc157+fAulAsc154:0.474;fAulAsc157+fAulAsc153:0.340;fAulAsc158+fAulAsc154:0.104;fAulAsc158+fAulAsc153:0.079,B_both_parent_identities_pair_ambiguous,zero_parent,False,False
fAulAsc4,fAulAsc157,fAulAsc153,fAulAsc157,fAulAsc153,2,Tier_B_additional_identity,Tier_B_additional_identity,False,True,Tier_B_or_better_exact_pair,0.691,0.8407499999999999,0.78125,1.0,1.0,fAulAsc157+fAulAsc153:0.691;fAulAsc157+fAulAsc154:0.150;fAulAsc158+fAulAsc153:0.090;fAulAsc158+fAulAsc154:0.069,B_exact_pair,father_only,False,False
fAulAsc5,0,0,fAulAsc158,fAulAsc154,0,,,False,False,observed_parent_identities_unresolved,0.3805,0.4815,0.62375,1.0,0.7727272727272727,fAulAsc158+fAulAsc154:0.381;fAulAsc157+fAulAsc153:0.275;fAulAsc157+fAulAsc154:0.243;fAulAsc158+fAulAsc153:0.101,C_complete_working_hypothesis,zero_parent,False,False
fAulAsc6,0,0,fAulAsc158,fAulAsc154,0,,,False,False,observed_parent_identities_unresolved,0.43575,0.623,0.5295000000000001,0.1428571428571428,0.9090909090909092,fAulAsc158+fAulAsc154:0.436;fAulAsc157+fAulAsc153:0.282;fAulAsc158+fAulAsc153:0.187;fAulAsc157+fAulAsc154:0.086,C_complete_working_hypothesis,zero_parent,False,False
fAulAsc7,fAulAsc158,fAulAsc153,fAulAsc158,fAulAsc153,2,Tier_B_additional_identity,Tier_B_additional_identity,False,True,Tier_B_or_better_exact_pair,0.8115,0.8875,0.81275,1.0,1.0,fAulAsc158+fAulAsc153:0.811;fAulAsc157+fAulAsc154:0.111;fAulAsc158+fAulAsc154:0.076,B_exact_pair,zero_parent,False,False
fAulAsc8,fAulAsc158,fAulAsc154,fAulAsc158,fAulAsc154,2,Tier_A_strict_identity,Tier_B_additional_identity,False,True,Tier_B_or_better_exact_pair,0.74425,0.99075,0.748,1.0,1.0,fAulAsc158+fAulAsc154:0.744;fAulAsc158+fAulAsc153:0.246,B_exact_pair,zero_parent,False,False
fAulAsc9,fAulAsc151,fAulAsc154,fAulAsc151,fAulAsc154,2,Tier_A_strict_identity,Tier_B_additional_identity,False,True,Tier_B_or_better_exact_pair,0.8025,0.9895,0.813,1.0,1.0,fAulAsc151+fAulAsc154:0.802;fAulAsc151+fAulAsc153:0.187,B_exact_pair,father_only,False,False
fAulAsc10,fAulAsc151,fAulAsc154,fAulAsc151,fAulAsc154,2,Tier_A_strict_identity,Tier_A_strict_identity,False,True,Tier_B_or_better_exact_pair,0.94725,0.97375,0.96375,1.0,1.0,fAulAsc151+fAulAsc154:0.947;fAulAsc151+fAulAsc153:0.026,B_exact_pair,father_only,False,False
fAulAsc11,0,0,fAulAsc158,fAulAsc154,0,,,False,False,observed_parent_identities_unresolved,0.594,0.59525,0.60525,0.5714285714285714,0.7727272727272727,fAulAsc158+fAulAsc154:0.594;fAulAsc157+fAulAsc153:0.394,C_complete_working_hypothesis,zero_parent,False,False
fAulAsc12,fAulAsc151,fAulAsc154,fAulAsc151,fAulAsc154,2,Tier_A_strict_identity,Tier_B_additional_identity,False,True,Tier_B_or_better_exact_pair,0.68625,0.98425,0.6985,1.0,1.0,fAulAsc151+fAulAsc154:0.686;fAulAsc151+fAulAsc153:0.298,B_exact_pair,zero_parent,False,False
fAulAsc13,fAulAsc151,fAulAsc153,fAulAsc151,fAulAsc153,2,Tier_A_strict_identity,Tier_A_strict_identity,True,True,Tier_A_exact_pair,0.98475,0.98475,0.99975,1.0,1.0,fAulAsc151+fAulAsc153:0.985,A_exact_pair,father_only,False,False
fAulAsc14,fAulAsc151,0,fAulAsc151,fAulAsc153,1,Tier_A_strict_identity,,False,False,one_supported_parent_identity,0.55225,0.97025,0.565,0.1428571428571428,0.7727272727272727,fAulAsc151+fAulAsc153:0.552;fAulAsc151+fAulAsc154:0.418,A_one_parent_identity,father_only,False,False
fAulAsc15,0,fAulAsc154,fAulAsc157,fAulAsc154,1,,Tier_A_strict_identity,False,False,one_supported_parent_identity,0.5025,0.5025,0.96375,1.0,0.5909090909090909,fAulAsc157+fAulAsc154:0.502;fAulAsc158+fAulAsc154:0.461,A_one_parent_identity,zero_parent,False,False
fAulAsc16,fAulAsc158,fAulAsc154,fAulAsc158,fAulAsc154,2,Tier_B_additional_identity,Tier_B_additional_identity,False,False,both_identities_reported_pair_ambiguous,0.48275,0.65125,0.71075,1.0,1.0,fAulAsc158+fAulAsc154:0.483;fAulAsc157+fAulAsc154:0.228;fAulAsc158+fAulAsc153:0.169;fAulAsc157+fAulAsc153:0.120,B_both_parent_identities_pair_ambiguous,zero_parent,False,False
fAulAsc17,fAulAsc157,0,fAulAsc157,fAulAsc154,1,Tier_B_additional_identity,,False,False,one_supported_parent_identity,0.53,0.74075,0.7110000000000001,0.2857142857142857,1.0,fAulAsc157+fAulAsc154:0.530;fAulAsc157+fAulAsc153:0.211;fAulAsc158+fAulAsc154:0.181;fAulAsc158+fAulAsc153:0.078,B_one_parent_identity,zero_parent,False,False
fAulAsc18,0,0,fAulAsc158,fAulAsc154,0,,,False,False,observed_parent_identities_unresolved,0.4585,0.694,0.50275,0.1428571428571428,0.7727272727272727,fAulAsc158+fAulAsc154:0.459;fAulAsc157+fAulAsc153:0.262;fAulAsc158+fAulAsc153:0.235,C_complete_working_hypothesis,zero_parent,False,False
fAulAsc19,fAulAsc157,fAulAsc154,fAulAsc157,fAulAsc154,2,Tier_B_additional_identity,Tier_B_additional_identity,False,True,Tier_B_or_better_exact_pair,0.56075,0.5612499999999999,0.8819999999999999,1.0,0.8181818181818182,fAulAsc157+fAulAsc154:0.561;fAulAsc158+fAulAsc154:0.321;fAulAsc158+fAulAsc153:0.117,B_exact_pair,zero_parent,False,False
fAulAsc20,0,fAulAsc154,fAulAsc157,fAulAsc154,1,,Tier_B_additional_identity,False,False,one_supported_parent_identity,0.44925,0.44925,0.82975,1.0,0.5909090909090909,fAulAsc157+fAulAsc154:0.449;fAulAsc158+fAulAsc154:0.381;fAulAsc158+fAulAsc153:0.168,B_one_parent_identity,zero_parent,False,False
fAulAsc21,fAulAsc151,fAulAsc154,fAulAsc151,fAulAsc154,2,Tier_B_additional_identity,Tier_B_additional_identity,False,True,Tier_B_or_better_exact_pair,0.699,0.85225,0.7579999999999999,1.0,1.0,fAulAsc151+fAulAsc154:0.699;fAulAsc151+fAulAsc153:0.153;fAulAsc152+fAulAsc153:0.075;fAulAsc155+fAulAsc154:0.035,B_exact_pair,zero_parent,False,False
fAulAsc22,fAulAsc158,0,fAulAsc158,fAulAsc154,1,Tier_B_additional_identity,,False,False,one_supported_parent_identity,0.3565,0.60775,0.4997499999999999,0.1428571428571428,0.8181818181818182,fAulAsc158+fAulAsc154:0.356;fAulAsc158+fAulAsc153:0.251;fAulAsc157+fAulAsc153:0.249;fAulAsc157+fAulAsc154:0.143,B_one_parent_identity,zero_parent,False,False
fAulAsc23,fAulAsc151,fAulAsc154,fAulAsc151,fAulAsc154,2,Tier_A_strict_identity,Tier_A_strict_identity,True,True,Tier_A_exact_pair,1.0,1.0,1.0,1.0,1.0,fAulAsc151+fAulAsc154:1.000,A_exact_pair,two_parent,False,False
fAulAsc24,fAulAsc151,fAulAsc153,fAulAsc151,fAulAsc153,2,Tier_B_additional_identity,Tier_B_additional_identity,False,False,both_identities_reported_pair_ambiguous,0.44125,0.7222500000000001,0.5185,1.0,0.9090909090909092,fAulAsc151+fAulAsc153:0.441;fAulAsc151+fAulAsc154:0.281;fAulAsc155+fAulAsc154:0.184;fAulAsc152+fAulAsc153:0.043;fAulAsc158+fAulAsc153:0.022,B_both_parent_identities_pair_ambiguous,zero_parent,False,False
fAulAsc25,fAulAsc158,fAulAsc153,fAulAsc158,fAulAsc153,2,Tier_B_additional_identity,Tier_B_additional_identity,False,True,Tier_B_or_better_exact_pair,0.628,0.94775,0.628,1.0,1.0,fAulAsc158+fAulAsc153:0.628;fAulAsc158+fAulAsc154:0.320;fAulAsc157+fAulAsc154:0.052,B_exact_pair,zero_parent,False,False
fAulAsc26,fAulAsc158,fAulAsc153,fAulAsc158,fAulAsc153,2,Tier_B_additional_identity,Tier_B_additional_identity,False,True,Tier_B_or_better_exact_pair,0.5365,0.8654999999999999,0.5435,1.0,0.8636363636363636,fAulAsc158+fAulAsc153:0.536;fAulAsc158+fAulAsc154:0.329;fAulAsc157+fAulAsc154:0.119,B_exact_pair,zero_parent,False,False
fAulAsc27,0,fAulAsc154,fAulAsc157,fAulAsc154,1,,Tier_B_additional_identity,False,False,one_supported_parent_identity,0.549,0.552,0.93325,0.1428571428571428,0.8181818181818182,fAulAsc157+fAulAsc154:0.549;fAulAsc158+fAulAsc154:0.384;fAulAsc158+fAulAsc153:0.064,B_one_parent_identity,zero_parent,False,False
fAulAsc28,fAulAsc151,0,fAulAsc151,fAulAsc153,1,Tier_B_additional_identity,,False,False,one_supported_parent_identity,0.48675,0.94,0.4895,0.2857142857142857,0.6818181818181818,fAulAsc151+fAulAsc153:0.487;fAulAsc151+fAulAsc154:0.453;fAulAsc150+fAulAsc154:0.057,B_one_parent_identity,father_only,False,False
fAulAsc29,fAulAsc150,fAulAsc154,fAulAsc150,fAulAsc154,2,Tier_A_strict_identity,Tier_A_strict_identity,True,True,Tier_A_exact_pair,0.96175,1.0,0.96175,1.0,1.0,fAulAsc150+fAulAsc154:0.962,A_exact_pair,father_only,False,False
fAulAsc30,0,fAulAsc154,fAulAsc158,fAulAsc154,1,,Tier_B_additional_identity,False,False,one_supported_parent_identity,0.51275,0.75875,0.7372500000000001,0.1428571428571428,1.0,fAulAsc158+fAulAsc154:0.513;fAulAsc158+fAulAsc153:0.246;fAulAsc157+fAulAsc154:0.225,B_one_parent_identity,zero_parent,False,False
fAulAsc31,0,0,fAulAsc157,fAulAsc153,0,,,False,False,observed_parent_identities_unresolved,0.453,0.52175,0.54325,1.0,0.6363636363636364,fAulAsc157+fAulAsc153:0.453;fAulAsc158+fAulAsc154:0.388;fAulAsc158+fAulAsc153:0.090;fAulAsc157+fAulAsc154:0.069,C_complete_working_hypothesis,zero_parent,False,False
fAulAsc32,fAulAsc157,fAulAsc154,fAulAsc157,fAulAsc154,2,Tier_B_additional_identity,Tier_B_additional_identity,False,True,Tier_B_or_better_exact_pair,0.7785,0.8005,0.90325,1.0,1.0,fAulAsc157+fAulAsc154:0.778;fAulAsc158+fAulAsc154:0.124;fAulAsc158+fAulAsc153:0.075,B_exact_pair,zero_parent,False,False
fAulAsc33,0,fAulAsc154,fAulAsc157,fAulAsc154,1,,Tier_B_additional_identity,False,False,one_supported_parent_identity,0.4115,0.4157499999999999,0.753,1.0,0.6363636363636364,fAulAsc157+fAulAsc154:0.411;fAulAsc158+fAulAsc154:0.342;fAulAsc158+fAulAsc153:0.242,B_one_parent_identity,zero_parent,False,False
fAulAsc34,fAulAsc151,fAulAsc153,fAulAsc151,fAulAsc153,2,Tier_A_strict_identity,Tier_A_strict_identity,True,True,Tier_A_exact_pair,1.0,1.0,1.0,1.0,1.0,fAulAsc151+fAulAsc153:1.000,A_exact_pair,two_parent,False,False
fAulAsc35,fAulAsc158,fAulAsc153,fAulAsc158,fAulAsc153,2,Tier_B_additional_identity,Tier_B_additional_identity,False,True,Tier_B_or_better_exact_pair,0.64025,0.815,0.66025,1.0,1.0,fAulAsc158+fAulAsc153:0.640;fAulAsc158+fAulAsc154:0.175;fAulAsc157+fAulAsc154:0.165,B_exact_pair,zero_parent,False,False
fAulAsc36,fAulAsc157,fAulAsc153,fAulAsc157,fAulAsc153,2,Tier_B_additional_identity,Tier_B_additional_identity,False,True,Tier_B_or_better_exact_pair,0.645,0.77425,0.7955,1.0,1.0,fAulAsc157+fAulAsc153:0.645;fAulAsc158+fAulAsc153:0.150;fAulAsc157+fAulAsc154:0.129;fAulAsc158+fAulAsc154:0.075,B_exact_pair,father_only,False,False
fAulAsc37,0,0,fAulAsc157,fAulAsc154,0,,,False,False,observed_parent_identities_unresolved,0.37875,0.62525,0.46175,1.0,0.7727272727272727,fAulAsc157+fAulAsc154:0.379;fAulAsc158+fAulAsc153:0.291;fAulAsc157+fAulAsc153:0.246;fAulAsc158+fAulAsc154:0.071,C_complete_working_hypothesis,zero_parent,False,False
fAulAsc38,fAulAsc151,fAulAsc153,fAulAsc151,fAulAsc153,2,Tier_A_strict_identity,Tier_B_additional_identity,False,True,Tier_B_or_better_exact_pair,0.85325,0.989,0.8624999999999999,1.0,1.0,fAulAsc151+fAulAsc153:0.853;fAulAsc151+fAulAsc154:0.136,B_exact_pair,zero_parent,False,False
fAulAsc39,0,fAulAsc154,fAulAsc158,fAulAsc154,1,,Tier_A_strict_identity,False,False,one_supported_parent_identity,0.52725,0.5325,0.978,1.0,0.6363636363636364,fAulAsc158+fAulAsc154:0.527;fAulAsc157+fAulAsc154:0.451,A_one_parent_identity,zero_parent,False,False
fAulAsc40,0,fAulAsc154,fAulAsc157,fAulAsc154,1,,Tier_B_additional_identity,False,False,one_supported_parent_identity,0.452,0.559,0.8402499999999999,0.1428571428571428,0.6363636363636364,fAulAsc157+fAulAsc154:0.452;fAulAsc158+fAulAsc154:0.388;fAulAsc157+fAulAsc153:0.107;fAulAsc158+fAulAsc153:0.047,B_one_parent_identity,zero_parent,False,False
fAulAsc41,fAulAsc158,0,fAulAsc158,fAulAsc153,1,Tier_A_strict_identity,,False,False,one_supported_parent_identity,0.478,0.96025,0.4937499999999999,1.0,0.6363636363636364,fAulAsc158+fAulAsc154:0.482;fAulAsc158+fAulAsc153:0.478,A_one_parent_identity,zero_parent,False,False
fAulAsc42,0,fAulAsc154,fAulAsc157,fAulAsc154,1,,Tier_A_strict_identity,False,False,one_supported_parent_identity,0.54325,0.55675,0.9855,1.0,0.6818181818181818,fAulAsc157+fAulAsc154:0.543;fAulAsc158+fAulAsc154:0.442,A_one_parent_identity,zero_parent,False,False
fAulAsc43,0,0,fAulAsc157,fAulAsc153,0,,,False,False,observed_parent_identities_unresolved,0.3575,0.52025,0.54975,1.0,0.7272727272727273,fAulAsc157+fAulAsc153:0.357;fAulAsc158+fAulAsc154:0.286;fAulAsc158+fAulAsc153:0.182;fAulAsc157+fAulAsc154:0.163,C_complete_working_hypothesis,zero_parent,False,False
fAulAsc44,fAulAsc158,fAulAsc154,fAulAsc158,fAulAsc154,2,Tier_B_additional_identity,Tier_B_additional_identity,False,True,Tier_B_or_better_exact_pair,0.83775,0.93225,0.905,1.0,1.0,fAulAsc158+fAulAsc154:0.838;fAulAsc158+fAulAsc153:0.095;fAulAsc157+fAulAsc154:0.067,B_exact_pair,zero_parent,False,False
fAulAsc45,fAulAsc151,fAulAsc153,fAulAsc151,fAulAsc153,2,Tier_A_strict_identity,Tier_A_strict_identity,True,True,Tier_A_exact_pair,0.96925,0.975,0.9805,1.0,1.0,fAulAsc151+fAulAsc153:0.969,A_exact_pair,father_only,False,False
fAulAsc46,fAulAsc158,fAulAsc154,fAulAsc158,fAulAsc154,2,Tier_B_additional_identity,Tier_B_additional_identity,False,True,Tier_B_or_better_exact_pair,0.59125,0.7915000000000001,0.7005,1.0,1.0,fAulAsc158+fAulAsc154:0.591;fAulAsc158+fAulAsc153:0.200;fAulAsc157+fAulAsc154:0.109;fAulAsc157+fAulAsc153:0.099,B_exact_pair,zero_parent,False,False
fAulAsc47,fAulAsc158,0,fAulAsc158,fAulAsc154,1,Tier_B_additional_identity,,False,False,one_supported_parent_identity,0.6405,0.85,0.6819999999999999,0.1428571428571428,1.0,fAulAsc158+fAulAsc154:0.640;fAulAsc158+fAulAsc153:0.209;fAulAsc157+fAulAsc153:0.108,B_one_parent_identity,zero_parent,False,False
fAulAsc48,fAulAsc158,fAulAsc154,fAulAsc158,fAulAsc154,2,Tier_B_additional_identity,Tier_B_additional_identity,False,True,Tier_B_or_better_exact_pair,0.8475,0.85775,0.90025,1.0,1.0,fAulAsc158+fAulAsc154:0.848;fAulAsc157+fAulAsc153:0.088;fAulAsc157+fAulAsc154:0.053,B_exact_pair,zero_parent,False,False
fAulAsc49,fAulAsc151,fAulAsc153,fAulAsc151,fAulAsc153,2,Tier_B_additional_identity,Tier_B_additional_identity,False,True,Tier_B_or_better_exact_pair,0.779,0.9435,0.8355,1.0,1.0,fAulAsc151+fAulAsc153:0.779;fAulAsc151+fAulAsc154:0.165;fAulAsc152+fAulAsc153:0.041,B_exact_pair,zero_parent,False,False
fAulAsc50,fAulAsc158,fAulAsc154,fAulAsc158,fAulAsc154,2,Tier_B_additional_identity,Tier_A_strict_identity,False,True,Tier_B_or_better_exact_pair,0.705,0.71875,0.9825,1.0,1.0,fAulAsc158+fAulAsc154:0.705;fAulAsc157+fAulAsc154:0.278,B_exact_pair,zero_parent,False,False
fAulAsc51,fAulAsc157,fAulAsc154,fAulAsc157,fAulAsc154,2,Tier_A_strict_identity,Tier_B_additional_identity,False,True,Tier_B_or_better_exact_pair,0.837,0.97325,0.858,1.0,1.0,fAulAsc157+fAulAsc154:0.837;fAulAsc157+fAulAsc153:0.136,B_exact_pair,father_only,False,False
fAulAsc52,fAulAsc157,fAulAsc153,fAulAsc157,fAulAsc153,2,Tier_B_additional_identity,Tier_B_additional_identity,False,True,Tier_B_or_better_exact_pair,0.80675,0.88325,0.85675,1.0,1.0,fAulAsc157+fAulAsc153:0.807;fAulAsc157+fAulAsc154:0.076;fAulAsc158+fAulAsc154:0.065;fAulAsc158+fAulAsc153:0.050,B_exact_pair,father_only,False,False
fAulAsc53,0,0,fAulAsc157,fAulAsc153,0,,,False,False,observed_parent_identities_unresolved,0.35375,0.41575,0.642,1.0,0.7272727272727273,fAulAsc157+fAulAsc153:0.354;fAulAsc158+fAulAsc154:0.294;fAulAsc158+fAulAsc153:0.287;fAulAsc157+fAulAsc154:0.062,C_complete_working_hypothesis,zero_parent,False,False
fAulAsc54,fAulAsc151,fAulAsc154,fAulAsc151,fAulAsc154,2,Tier_A_strict_identity,Tier_B_additional_identity,False,True,Tier_B_or_better_exact_pair,0.92725,0.9725,0.93275,1.0,1.0,fAulAsc151+fAulAsc154:0.927;fAulAsc151+fAulAsc153:0.045,B_exact_pair,father_only,False,False
fAulAsc55,fAulAsc158,fAulAsc153,fAulAsc158,fAulAsc153,2,Tier_B_additional_identity,Tier_B_additional_identity,False,True,Tier_B_or_better_exact_pair,0.5785,0.791,0.57875,1.0,1.0,fAulAsc158+fAulAsc153:0.579;fAulAsc158+fAulAsc154:0.212;fAulAsc157+fAulAsc154:0.208,B_exact_pair,zero_parent,False,False
fAulAsc56,fAulAsc151,fAulAsc153,fAulAsc151,fAulAsc153,2,Tier_B_additional_identity,Tier_B_additional_identity,False,True,Tier_B_or_better_exact_pair,0.59475,0.88325,0.6045,1.0,1.0,fAulAsc151+fAulAsc153:0.595;fAulAsc151+fAulAsc154:0.288;fAulAsc152+fAulAsc154:0.105,B_exact_pair,father_only,False,False
fAulAsc57,fAulAsc158,fAulAsc153,fAulAsc158,fAulAsc153,2,Tier_B_additional_identity,Tier_B_additional_identity,False,True,Tier_B_or_better_exact_pair,0.7105,0.94675,0.727,1.0,1.0,fAulAsc158+fAulAsc153:0.711;fAulAsc158+fAulAsc154:0.236;fAulAsc157+fAulAsc154:0.037,B_exact_pair,zero_parent,False,False
fAulAsc58,fAulAsc157,fAulAsc154,fAulAsc157,fAulAsc154,2,Tier_B_additional_identity,Tier_B_additional_identity,False,True,Tier_B_or_better_exact_pair,0.706,0.7294999999999999,0.9285,1.0,1.0,fAulAsc157+fAulAsc154:0.706;fAulAsc158+fAulAsc154:0.223;fAulAsc158+fAulAsc153:0.048,B_exact_pair,zero_parent,False,False
fAulAsc59,fAulAsc151,fAulAsc154,fAulAsc151,fAulAsc154,2,Tier_A_strict_identity,Tier_A_strict_identity,True,True,Tier_A_exact_pair,0.96075,0.9905,0.97025,1.0,1.0,fAulAsc151+fAulAsc154:0.961,A_exact_pair,zero_parent,False,False
fAulAsc60,0,0,fAulAsc158,fAulAsc154,0,,,False,False,observed_parent_identities_unresolved,0.43575,0.662,0.53325,0.1428571428571428,0.8181818181818182,fAulAsc158+fAulAsc154:0.436;fAulAsc157+fAulAsc153:0.240;fAulAsc158+fAulAsc153:0.226;fAulAsc157+fAulAsc154:0.098,C_complete_working_hypothesis,zero_parent,False,False
fAulAsc61,fAulAsc150,fAulAsc154,fAulAsc150,fAulAsc154,2,Tier_A_strict_identity,Tier_A_strict_identity,True,True,Tier_A_exact_pair,1.0,1.0,1.0,1.0,1.0,fAulAsc150+fAulAsc154:1.000,A_exact_pair,two_parent,False,False
fAulAsc62,fAulAsc158,fAulAsc153,fAulAsc158,fAulAsc153,2,Tier_B_additional_identity,Tier_B_additional_identity,False,True,Tier_B_or_better_exact_pair,0.5915,0.76825,0.63175,1.0,1.0,fAulAsc158+fAulAsc153:0.592;fAulAsc157+fAulAsc154:0.179;fAulAsc158+fAulAsc154:0.177;fAulAsc157+fAulAsc153:0.028,B_exact_pair,zero_parent,False,False
fAulAsc64,fAulAsc151,fAulAsc154,fAulAsc151,fAulAsc154,2,Tier_A_strict_identity,Tier_A_strict_identity,True,True,Tier_A_exact_pair,0.9725,0.991,0.97725,1.0,1.0,fAulAsc151+fAulAsc154:0.973,A_exact_pair,father_only,False,False
fAulAsc71,fAulAsc151,0,fAulAsc151,fAulAsc153,1,Tier_A_strict_identity,,False,False,one_supported_parent_identity,0.56675,0.98825,0.5715,0.4285714285714285,0.8181818181818182,fAulAsc151+fAulAsc153:0.567;fAulAsc151+fAulAsc154:0.421,A_one_parent_identity,father_only,False,False
fAulAsc72,0,fAulAsc154,fAulAsc157,fAulAsc154,1,,Tier_B_additional_identity,False,False,one_supported_parent_identity,0.55625,0.5880000000000001,0.92525,1.0,0.7727272727272727,fAulAsc157+fAulAsc154:0.556;fAulAsc158+fAulAsc154:0.369;fAulAsc158+fAulAsc153:0.043,B_one_parent_identity,zero_parent,False,False
fAulAsc73,fAulAsc158,fAulAsc154,fAulAsc158,fAulAsc154,2,Tier_B_additional_identity,Tier_B_additional_identity,False,True,Tier_B_or_better_exact_pair,0.79025,0.79025,0.9,1.0,1.0,fAulAsc158+fAulAsc154:0.790;fAulAsc157+fAulAsc154:0.109;fAulAsc157+fAulAsc153:0.100,B_exact_pair,zero_parent,False,False
fAulAsc74,fAulAsc151,0,fAulAsc151,fAulAsc153,1,Tier_A_strict_identity,,False,False,one_supported_parent_identity,0.50875,0.9955,0.50925,1.0,0.6818181818181818,fAulAsc151+fAulAsc153:0.509;fAulAsc151+fAulAsc154:0.487,A_one_parent_identity,father_only,False,False
fAulAsc75,fAulAsc158,0,fAulAsc158,fAulAsc154,1,Tier_B_additional_identity,,False,False,one_supported_parent_identity,0.434,0.72125,0.69825,0.1428571428571428,0.7727272727272727,fAulAsc158+fAulAsc154:0.434;fAulAsc158+fAulAsc153:0.287;fAulAsc157+fAulAsc154:0.264,B_one_parent_identity,zero_parent,False,False
fAulAsc76,fAulAsc158,fAulAsc153,fAulAsc158,fAulAsc153,2,Tier_B_additional_identity,Tier_B_additional_identity,False,True,Tier_B_or_better_exact_pair,0.71025,0.8832500000000001,0.79525,1.0,1.0,fAulAsc158+fAulAsc153:0.710;fAulAsc158+fAulAsc154:0.173;fAulAsc157+fAulAsc153:0.085,B_exact_pair,zero_parent,False,False
fAulAsc77,0,0,fAulAsc158,fAulAsc154,0,,,False,False,observed_parent_identities_unresolved,0.46975,0.55675,0.5935,0.8571428571428571,0.7272727272727273,fAulAsc158+fAulAsc154:0.470;fAulAsc157+fAulAsc153:0.319;fAulAsc157+fAulAsc154:0.124;fAulAsc158+fAulAsc153:0.087,C_complete_working_hypothesis,zero_parent,False,False
fAulAsc78,fAulAsc150,fAulAsc154,fAulAsc150,fAulAsc154,2,Tier_B_additional_identity,Tier_B_additional_identity,False,True,Tier_B_or_better_exact_pair,0.68875,0.9175,0.70975,1.0,1.0,fAulAsc150+fAulAsc154:0.689;fAulAsc150+fAulAsc153:0.229;fAulAsc152+fAulAsc153:0.041,B_exact_pair,father_only,False,False
fAulAsc79,fAulAsc150,fAulAsc154,fAulAsc150,fAulAsc154,2,Tier_A_strict_identity,Tier_B_additional_identity,False,True,Tier_B_or_better_exact_pair,0.856,0.9925,0.86225,1.0,1.0,fAulAsc150+fAulAsc154:0.856;fAulAsc150+fAulAsc153:0.137,B_exact_pair,father_only,False,False
fAulAsc80,fAulAsc157,fAulAsc154,fAulAsc157,fAulAsc154,2,Tier_B_additional_identity,Tier_B_additional_identity,False,True,Tier_B_or_better_exact_pair,0.50225,0.5117499999999999,0.712,1.0,0.9090909090909092,fAulAsc157+fAulAsc154:0.502;fAulAsc158+fAulAsc153:0.279;fAulAsc158+fAulAsc154:0.210,B_exact_pair,zero_parent,False,False
fAulAsc81,fAulAsc150,fAulAsc153,fAulAsc150,fAulAsc153,2,Tier_A_strict_identity,Tier_B_additional_identity,False,True,Tier_B_or_better_exact_pair,0.6935,0.99425,0.69775,1.0,1.0,fAulAsc150+fAulAsc153:0.694;fAulAsc150+fAulAsc154:0.301,B_exact_pair,father_only,False,False
fAulAsc82,fAulAsc151,fAulAsc154,fAulAsc151,fAulAsc154,2,Tier_B_additional_identity,Tier_B_additional_identity,False,True,Tier_B_or_better_exact_pair,0.6535,0.88825,0.7057499999999999,1.0,1.0,fAulAsc151+fAulAsc154:0.653;fAulAsc151+fAulAsc153:0.235;fAulAsc150+fAulAsc153:0.059;fAulAsc156+fAulAsc154:0.026,B_exact_pair,father_only,False,False
fAulAsc83,fAulAsc158,0,fAulAsc158,fAulAsc153,1,Tier_B_additional_identity,,False,False,one_supported_parent_identity,0.63675,0.9275,0.683,0.5714285714285714,1.0,fAulAsc158+fAulAsc153:0.637;fAulAsc158+fAulAsc154:0.291;fAulAsc157+fAulAsc153:0.046,B_one_parent_identity,zero_parent,False,False
fAulAsc84,fAulAsc158,fAulAsc154,fAulAsc158,fAulAsc154,2,Tier_B_additional_identity,Tier_B_additional_identity,False,True,Tier_B_or_better_exact_pair,0.60975,0.68625,0.71675,1.0,1.0,fAulAsc158+fAulAsc154:0.610;fAulAsc157+fAulAsc153:0.206;fAulAsc157+fAulAsc154:0.107;fAulAsc158+fAulAsc153:0.076,B_exact_pair,zero_parent,False,False
fAulAsc85,fAulAsc150,fAulAsc154,fAulAsc150,fAulAsc154,2,Tier_A_strict_identity,Tier_A_strict_identity,True,True,Tier_A_exact_pair,1.0,1.0,1.0,1.0,1.0,fAulAsc150+fAulAsc154:1.000,A_exact_pair,father_only,False,False
fAulAsc86,fAulAsc150,fAulAsc154,fAulAsc150,fAulAsc154,2,Tier_A_strict_identity,Tier_B_additional_identity,False,True,Tier_B_or_better_exact_pair,0.722,0.9875,0.7334999999999999,1.0,1.0,fAulAsc150+fAulAsc154:0.722;fAulAsc150+fAulAsc153:0.266,B_exact_pair,father_only,False,False
fAulAsc87,fAulAsc158,0,fAulAsc158,fAulAsc154,1,Tier_B_additional_identity,,False,False,one_supported_parent_identity,0.6175,0.74375,0.6717500000000001,0.1428571428571428,1.0,fAulAsc158+fAulAsc154:0.618;fAulAsc157+fAulAsc153:0.201;fAulAsc158+fAulAsc153:0.126;fAulAsc157+fAulAsc154:0.054,B_one_parent_identity,zero_parent,False,False
fAulAsc88,0,0,fAulAsc158,fAulAsc154,0,,,False,False,observed_parent_identities_unresolved,0.50475,0.7662500000000001,0.59475,0.2857142857142857,1.0,fAulAsc158+fAulAsc154:0.505;fAulAsc158+fAulAsc153:0.262;fAulAsc157+fAulAsc153:0.144;fAulAsc157+fAulAsc154:0.090,C_complete_working_hypothesis,father_only,False,False
fAulAsc89,fAulAsc158,fAulAsc154,fAulAsc158,fAulAsc154,2,Tier_B_additional_identity,Tier_B_additional_identity,False,True,Tier_B_or_better_exact_pair,0.58,0.8432499999999999,0.67425,1.0,1.0,fAulAsc158+fAulAsc154:0.580;fAulAsc158+fAulAsc153:0.263;fAulAsc157+fAulAsc154:0.092;fAulAsc157+fAulAsc153:0.062,B_exact_pair,zero_parent,False,False
fAulAsc90,fAulAsc158,fAulAsc154,fAulAsc158,fAulAsc154,2,Tier_B_additional_identity,Tier_B_additional_identity,False,True,Tier_B_or_better_exact_pair,0.51325,0.72375,0.7525,1.0,1.0,fAulAsc158+fAulAsc154:0.513;fAulAsc157+fAulAsc154:0.238;fAulAsc158+fAulAsc153:0.210,B_exact_pair,zero_parent,False,False
fAulAsc91,fAulAsc150,fAulAsc154,fAulAsc150,fAulAsc154,2,Tier_B_additional_identity,Tier_B_additional_identity,False,True,Tier_B_or_better_exact_pair,0.579,0.87725,0.63825,1.0,0.9545454545454546,fAulAsc150+fAulAsc154:0.579;fAulAsc150+fAulAsc153:0.298;fAulAsc151+fAulAsc153:0.063;fAulAsc155+fAulAsc154:0.055,B_exact_pair,zero_parent,False,False
fAulAsc92,fAulAsc158,0,fAulAsc158,fAulAsc153,1,Tier_B_additional_identity,,False,False,one_supported_parent_identity,0.4275,0.728,0.48275,1.0,0.7272727272727273,fAulAsc158+fAulAsc153:0.427;fAulAsc158+fAulAsc154:0.300;fAulAsc157+fAulAsc154:0.217;fAulAsc157+fAulAsc153:0.055,B_one_parent_identity,zero_parent,False,False
fAulAsc93,fAulAsc158,fAulAsc154,fAulAsc158,fAulAsc154,2,Tier_B_additional_identity,Tier_B_additional_identity,False,False,both_identities_reported_pair_ambiguous,0.482,0.8035,0.588,1.0,0.8636363636363636,fAulAsc158+fAulAsc154:0.482;fAulAsc158+fAulAsc153:0.322;fAulAsc157+fAulAsc154:0.104;fAulAsc157+fAulAsc153:0.089,B_both_parent_identities_pair_ambiguous,zero_parent,False,False
fAulAsc94,fAulAsc150,fAulAsc154,fAulAsc150,fAulAsc154,2,Tier_B_additional_identity,Tier_B_additional_identity,False,True,Tier_B_or_better_exact_pair,0.72625,0.942,0.78425,1.0,1.0,fAulAsc150+fAulAsc154:0.726;fAulAsc150+fAulAsc153:0.216;fAulAsc155+fAulAsc154:0.055,B_exact_pair,father_only,False,False
fAulAsc95,0,0,fAulAsc157,fAulAsc154,0,,,False,False,observed_parent_identities_unresolved,0.3365,0.5995,0.6345000000000001,0.1428571428571428,0.6818181818181818,fAulAsc157+fAulAsc154:0.337;fAulAsc158+fAulAsc154:0.297;fAulAsc157+fAulAsc153:0.263;fAulAsc158+fAulAsc153:0.098,C_complete_working_hypothesis,zero_parent,False,False
fAulAsc96,fAulAsc157,fAulAsc153,fAulAsc157,fAulAsc153,2,Tier_B_additional_identity,Tier_B_additional_identity,False,True,Tier_B_or_better_exact_pair,0.55625,0.7090000000000001,0.65575,1.0,1.0,fAulAsc157+fAulAsc153:0.556;fAulAsc158+fAulAsc154:0.192;fAulAsc157+fAulAsc154:0.153;fAulAsc158+fAulAsc153:0.100,B_exact_pair,zero_parent,False,False
fAulAsc97,0,fAulAsc154,fAulAsc157,fAulAsc154,1,,Tier_B_additional_identity,False,False,one_supported_parent_identity,0.3865,0.57475,0.804,0.1428571428571428,0.5454545454545454,fAulAsc158+fAulAsc154:0.417;fAulAsc157+fAulAsc154:0.387;fAulAsc157+fAulAsc153:0.188,B_one_parent_identity,zero_parent,False,False
fAulAsc98,fAulAsc158,fAulAsc154,fAulAsc158,fAulAsc154,2,Tier_B_additional_identity,Tier_A_strict_identity,False,True,Tier_B_or_better_exact_pair,0.8605,0.879,0.967,1.0,1.0,fAulAsc158+fAulAsc154:0.861;fAulAsc157+fAulAsc154:0.106,B_exact_pair,zero_parent,False,False
fAulAsc99,fAulAsc151,fAulAsc154,fAulAsc151,fAulAsc154,2,Tier_B_additional_identity,Tier_B_additional_identity,False,True,Tier_B_or_better_exact_pair,0.66625,0.669,0.92025,1.0,1.0,fAulAsc151+fAulAsc154:0.666;fAulAsc152+fAulAsc154:0.225;fAulAsc150+fAulAsc153:0.073,B_exact_pair,zero_parent,False,False
fAulAsc100,0,fAulAsc154,fAulAsc157,fAulAsc154,1,,Tier_B_additional_identity,False,False,one_supported_parent_identity,0.5495,0.583,0.82325,0.1428571428571428,0.9090909090909092,fAulAsc157+fAulAsc154:0.549;fAulAsc158+fAulAsc154:0.274;fAulAsc158+fAulAsc153:0.141,B_one_parent_identity,zero_parent,False,False
fAulAsc101,fAulAsc157,fAulAsc154,fAulAsc157,fAulAsc154,2,Tier_B_additional_identity,Tier_A_strict_identity,False,True,Tier_B_or_better_exact_pair,0.6225,0.629,0.9705,1.0,1.0,fAulAsc157+fAulAsc154:0.623;fAulAsc158+fAulAsc154:0.348,B_exact_pair,zero_parent,False,False
fAulAsc102,fAulAsc158,fAulAsc154,fAulAsc158,fAulAsc154,2,Tier_B_additional_identity,Tier_B_additional_identity,False,True,Tier_B_or_better_exact_pair,0.639,0.7095,0.89425,1.0,1.0,fAulAsc158+fAulAsc154:0.639;fAulAsc157+fAulAsc154:0.255;fAulAsc158+fAulAsc153:0.070,B_exact_pair,zero_parent,False,False
fAulAsc103,0,fAulAsc154,fAulAsc157,fAulAsc154,1,,Tier_A_strict_identity,False,False,one_supported_parent_identity,0.49575,0.501,0.95325,0.8571428571428571,0.5909090909090909,fAulAsc157+fAulAsc154:0.496;fAulAsc158+fAulAsc154:0.457,A_one_parent_identity,zero_parent,False,False
fAulAsc104,fAulAsc157,fAulAsc154,fAulAsc157,fAulAsc154,2,Tier_B_additional_identity,Tier_A_strict_identity,False,True,Tier_B_or_better_exact_pair,0.855,0.874,0.961,1.0,1.0,fAulAsc157+fAulAsc154:0.855;fAulAsc158+fAulAsc154:0.106,B_exact_pair,zero_parent,False,False
fAulAsc105,0,0,fAulAsc158,fAulAsc153,0,,,False,False,observed_parent_identities_unresolved,0.5365,0.67225,0.565,0.2857142857142857,0.9545454545454546,fAulAsc158+fAulAsc153:0.536;fAulAsc157+fAulAsc154:0.298;fAulAsc158+fAulAsc154:0.136,C_complete_working_hypothesis,zero_parent,False,False
fAulAsc106,fAulAsc157,fAulAsc154,fAulAsc157,fAulAsc154,2,Tier_B_additional_identity,Tier_B_additional_identity,False,True,Tier_B_or_better_exact_pair,0.7235,0.74575,0.8714999999999999,1.0,1.0,fAulAsc157+fAulAsc154:0.724;fAulAsc158+fAulAsc154:0.148;fAulAsc158+fAulAsc153:0.106,B_exact_pair,zero_parent,False,False
fAulAsc107,fAulAsc150,fAulAsc153,fAulAsc150,fAulAsc153,2,Tier_A_strict_identity,Tier_A_strict_identity,True,True,Tier_A_exact_pair,1.0,1.0,1.0,1.0,1.0,fAulAsc150+fAulAsc153:1.000,A_exact_pair,two_parent,False,False
fAulAsc108,fAulAsc158,fAulAsc154,fAulAsc158,fAulAsc154,2,Tier_B_additional_identity,Tier_B_additional_identity,False,True,Tier_B_or_better_exact_pair,0.5935,0.83625,0.74925,1.0,1.0,fAulAsc158+fAulAsc154:0.594;fAulAsc158+fAulAsc153:0.243;fAulAsc157+fAulAsc154:0.156,B_exact_pair,father_only,False,False
fAulAsc122,fAulAsc157,0,fAulAsc157,fAulAsc154,1,Tier_B_additional_identity,,False,False,one_supported_parent_identity,0.49375,0.92575,0.5627500000000001,0.1428571428571428,0.6363636363636364,fAulAsc157+fAulAsc154:0.494;fAulAsc157+fAulAsc153:0.432;fAulAsc158+fAulAsc154:0.069,B_one_parent_identity,father_only,False,False
fAulAsc123,fAulAsc150,fAulAsc154,fAulAsc150,fAulAsc154,2,Tier_A_strict_identity,Tier_A_strict_identity,False,True,Tier_B_or_better_exact_pair,0.92925,0.97525,0.954,1.0,1.0,fAulAsc150+fAulAsc154:0.929;fAulAsc150+fAulAsc153:0.046,B_exact_pair,father_only,False,False
fAulAsc124,fAulAsc158,fAulAsc154,fAulAsc158,fAulAsc154,2,Tier_B_additional_identity,Tier_B_additional_identity,False,True,Tier_B_or_better_exact_pair,0.7995,0.8694999999999999,0.877,1.0,1.0,fAulAsc158+fAulAsc154:0.799;fAulAsc157+fAulAsc154:0.077;fAulAsc158+fAulAsc153:0.070;fAulAsc157+fAulAsc153:0.051,B_exact_pair,zero_parent,False,False
fAulAsc125,fAulAsc157,fAulAsc154,fAulAsc157,fAulAsc154,2,Tier_B_additional_identity,Tier_B_additional_identity,False,True,Tier_B_or_better_exact_pair,0.764,0.77775,0.914,1.0,1.0,fAulAsc157+fAulAsc154:0.764;fAulAsc158+fAulAsc154:0.150;fAulAsc158+fAulAsc153:0.072,B_exact_pair,zero_parent,False,False
fAulAsc126,fAulAsc158,fAulAsc154,fAulAsc158,fAulAsc154,2,Tier_B_additional_identity,Tier_B_additional_identity,False,True,Tier_B_or_better_exact_pair,0.648,0.92375,0.69325,1.0,1.0,fAulAsc158+fAulAsc154:0.648;fAulAsc158+fAulAsc153:0.276;fAulAsc157+fAulAsc154:0.045,B_exact_pair,zero_parent,False,False
fAulAsc127,0,0,fAulAsc158,fAulAsc153,0,,,False,False,observed_parent_identities_unresolved,0.572,0.6164999999999999,0.5754999999999999,1.0,0.7727272727272727,fAulAsc158+fAulAsc153:0.572;fAulAsc157+fAulAsc154:0.380,C_complete_working_hypothesis,zero_parent,False,False
fAulAsc128,fAulAsc150,fAulAsc154,fAulAsc150,fAulAsc154,2,Tier_B_additional_identity,Tier_B_additional_identity,False,True,Tier_B_or_better_exact_pair,0.7565,0.88225,0.81875,1.0,1.0,fAulAsc150+fAulAsc154:0.756;fAulAsc150+fAulAsc153:0.126;fAulAsc151+fAulAsc154:0.062;fAulAsc152+fAulAsc153:0.033,B_exact_pair,father_only,False,False
fAulAsc129,fAulAsc158,fAulAsc154,fAulAsc158,fAulAsc154,2,Tier_B_additional_identity,Tier_B_additional_identity,False,False,both_identities_reported_pair_ambiguous,0.48825,0.64875,0.80825,1.0,0.8181818181818182,fAulAsc158+fAulAsc154:0.488;fAulAsc157+fAulAsc154:0.320;fAulAsc158+fAulAsc153:0.161,B_both_parent_identities_pair_ambiguous,zero_parent,False,False
fAulAsc130,fAulAsc158,fAulAsc153,fAulAsc158,fAulAsc153,2,Tier_B_additional_identity,Tier_B_additional_identity,False,True,Tier_B_or_better_exact_pair,0.6065,0.8532500000000001,0.607,1.0,1.0,fAulAsc158+fAulAsc153:0.607;fAulAsc158+fAulAsc154:0.247;fAulAsc157+fAulAsc154:0.146,B_exact_pair,zero_parent,False,False
fAulAsc131,0,0,fAulAsc158,fAulAsc153,0,,,False,False,observed_parent_identities_unresolved,0.4405,0.6445,0.55975,0.1428571428571428,0.9090909090909092,fAulAsc158+fAulAsc153:0.441;fAulAsc157+fAulAsc154:0.234;fAulAsc158+fAulAsc154:0.204;fAulAsc157+fAulAsc153:0.117,C_complete_working_hypothesis,zero_parent,False,False
fAulAsc132,fAulAsc158,fAulAsc154,fAulAsc158,fAulAsc154,2,Tier_B_additional_identity,Tier_B_additional_identity,False,True,Tier_B_or_better_exact_pair,0.72375,0.89475,0.72975,1.0,1.0,fAulAsc158+fAulAsc154:0.724;fAulAsc158+fAulAsc153:0.171;fAulAsc157+fAulAsc153:0.099,B_exact_pair,father_only,False,False
fAulAsc133,fAulAsc150,fAulAsc154,fAulAsc150,fAulAsc154,2,Tier_A_strict_identity,Tier_A_strict_identity,True,True,Tier_A_exact_pair,0.98575,0.994,0.99125,1.0,1.0,fAulAsc150+fAulAsc154:0.986,A_exact_pair,father_only,False,False
fAulAsc134,fAulAsc158,fAulAsc154,fAulAsc158,fAulAsc154,2,Tier_B_additional_identity,Tier_B_additional_identity,False,True,Tier_B_or_better_exact_pair,0.703,0.74325,0.70475,1.0,1.0,fAulAsc158+fAulAsc154:0.703;fAulAsc157+fAulAsc153:0.255,B_exact_pair,zero_parent,False,False
fAulAsc135,fAulAsc158,fAulAsc154,fAulAsc158,fAulAsc154,2,Tier_B_additional_identity,Tier_B_additional_identity,False,True,Tier_B_or_better_exact_pair,0.61625,0.825,0.73725,1.0,1.0,fAulAsc158+fAulAsc154:0.616;fAulAsc158+fAulAsc153:0.209;fAulAsc157+fAulAsc154:0.121;fAulAsc157+fAulAsc153:0.054,B_exact_pair,zero_parent,False,False
fAulAsc136,0,fAulAsc154,fAulAsc157,fAulAsc154,1,,Tier_B_additional_identity,False,False,one_supported_parent_identity,0.4985,0.4987499999999999,0.92125,0.2857142857142857,0.6363636363636364,fAulAsc157+fAulAsc154:0.498;fAulAsc158+fAulAsc154:0.423;fAulAsc158+fAulAsc153:0.078,B_one_parent_identity,zero_parent,False,False
fAulAsc137,fAulAsc158,fAulAsc154,fAulAsc158,fAulAsc154,2,Tier_B_additional_identity,Tier_B_additional_identity,False,True,Tier_B_or_better_exact_pair,0.78675,0.845,0.8859999999999999,1.0,1.0,fAulAsc158+fAulAsc154:0.787;fAulAsc157+fAulAsc154:0.099;fAulAsc158+fAulAsc153:0.058;fAulAsc157+fAulAsc153:0.056,B_exact_pair,zero_parent,False,False
fAulAsc138,0,fAulAsc154,fAulAsc157,fAulAsc154,1,,Tier_A_strict_identity,False,False,one_supported_parent_identity,0.661,0.662,0.97025,0.1428571428571428,1.0,fAulAsc157+fAulAsc154:0.661;fAulAsc158+fAulAsc154:0.309,A_one_parent_identity,zero_parent,False,False
fAulAsc139,fAulAsc158,fAulAsc154,fAulAsc158,fAulAsc154,2,Tier_B_additional_identity,Tier_A_strict_identity,False,True,Tier_B_or_better_exact_pair,0.92075,0.94725,0.9735,1.0,1.0,fAulAsc158+fAulAsc154:0.921;fAulAsc157+fAulAsc154:0.053,B_exact_pair,zero_parent,False,False
fAulAsc140,fAulAsc158,0,fAulAsc158,fAulAsc154,1,Tier_B_additional_identity,,False,False,one_supported_parent_identity,0.407,0.69775,0.6575,0.1428571428571428,0.7272727272727273,fAulAsc158+fAulAsc154:0.407;fAulAsc158+fAulAsc153:0.291;fAulAsc157+fAulAsc154:0.251;fAulAsc157+fAulAsc153:0.052,B_one_parent_identity,zero_parent,False,False
fAulAsc141,fAulAsc150,fAulAsc153,fAulAsc150,fAulAsc153,2,Tier_A_strict_identity,Tier_A_strict_identity,True,True,Tier_A_exact_pair,1.0,1.0,1.0,1.0,1.0,fAulAsc150+fAulAsc153:1.000,A_exact_pair,two_parent,False,False
fAulAsc142,fAulAsc158,0,fAulAsc158,fAulAsc153,1,Tier_B_additional_identity,,False,False,one_supported_parent_identity,0.42975,0.7855000000000001,0.431,1.0,0.7272727272727273,fAulAsc158+fAulAsc153:0.430;fAulAsc158+fAulAsc154:0.356;fAulAsc157+fAulAsc154:0.211,B_one_parent_identity,zero_parent,False,False
fAulAsc147,fAulAsc150,0,fAulAsc150,fAulAsc153,1,Tier_B_additional_identity,,False,False,one_supported_parent_identity,0.506,0.93875,0.513,1.0,0.7727272727272727,fAulAsc150+fAulAsc153:0.506;fAulAsc150+fAulAsc154:0.433;fAulAsc155+fAulAsc154:0.054,B_one_parent_identity,zero_parent,False,False
fAulAsc148,fAulAsc150,fAulAsc153,fAulAsc150,fAulAsc153,2,Tier_A_strict_identity,Tier_A_strict_identity,True,True,Tier_A_exact_pair,1.0,1.0,1.0,1.0,1.0,fAulAsc150+fAulAsc153:1.000,A_exact_pair,two_parent,False,False
fAulAsc149,fAulAsc150,fAulAsc154,fAulAsc150,fAulAsc154,2,Tier_A_strict_identity,Tier_A_strict_identity,True,True,Tier_A_exact_pair,1.0,1.0,1.0,1.0,1.0,fAulAsc150+fAulAsc154:1.000,A_exact_pair,two_parent,False,False
fAulAsc177,0,fAulAsc154,fAulAsc157,fAulAsc154,1,,Tier_B_additional_identity,False,False,one_supported_parent_identity,0.46025,0.46025,0.871,0.1428571428571428,0.5,fAulAsc157+fAulAsc154:0.460;fAulAsc158+fAulAsc154:0.411;fAulAsc158+fAulAsc153:0.129,B_one_parent_identity,zero_parent,False,False
fAulAsc188,fAulAsc158,fAulAsc153,fAulAsc158,fAulAsc153,2,Tier_B_additional_identity,Tier_B_additional_identity,False,True,Tier_B_or_better_exact_pair,0.56475,0.83925,0.7244999999999999,1.0,1.0,fAulAsc158+fAulAsc153:0.565;fAulAsc158+fAulAsc154:0.275;fAulAsc157+fAulAsc153:0.149,B_exact_pair,zero_parent,False,False
fAulAsc199,0,0,fAulAsc157,fAulAsc153,0,,,False,False,observed_parent_identities_unresolved,0.3615,0.4735,0.531,1.0,0.5,fAulAsc157+fAulAsc153:0.361;fAulAsc158+fAulAsc154:0.357;fAulAsc158+fAulAsc153:0.170;fAulAsc157+fAulAsc154:0.112,C_complete_working_hypothesis,zero_parent,False,False
fAulAsc210,fAulAsc158,fAulAsc154,fAulAsc158,fAulAsc154,2,Tier_B_additional_identity,Tier_B_additional_identity,False,True,Tier_B_or_better_exact_pair,0.596,0.60625,0.9095,1.0,0.8636363636363636,fAulAsc158+fAulAsc154:0.596;fAulAsc157+fAulAsc154:0.314;fAulAsc157+fAulAsc153:0.080,B_exact_pair,zero_parent,False,False
