ChildIndividualID,FatherIndividualID,LeadingFather,FatherReported,FatherEdgeEvidenceClass,TierAParent,TierBOrBetterParent,ParentBootstrapFraction,ParentVariantFraction,ParentLeaveOneChromosomeFraction,ParentAlternatives95,EvidenceTier,ParentCountMAPState,OneParentStateBootstrapFraction,OneParentStateLeaveOneChromosomeFraction,OneParentStatePriorFraction,ForcedCompletionApplied,Interpretation
fAulAsc63,0,fAulAsc41,False,,False,False,0.423,0.8571428571428571,0.9090909090909092,fAulAsc41:0.423;fAulAsc129:0.170;fAulAsc48:0.146;fAulAsc199:0.079;fAulAsc100:0.052;fAulAsc88:0.034;fAulAsc84:0.022;fAulAsc142:0.020;fAulAsc93:0.012,C_complete_working_hypothesis,zero_parent,0.70325,0.0,0.0,False,observed_F2_father_identity_unresolved
fAulAsc65,0,fAulAsc106,False,,False,False,0.774,0.2857142857142857,1.0,fAulAsc106:0.774;fAulAsc19:0.217,C_complete_working_hypothesis,one_observed_parent,1.0,1.0,1.0,False,observed_F2_father_identity_unresolved
fAulAsc66,fAulAsc19,fAulAsc19,True,Tier_B_additional_identity,False,True,0.7915,1.0,1.0,fAulAsc19:0.791;fAulAsc59:0.062;fAulAsc29:0.045;fAulAsc62:0.028;fAulAsc56:0.027,B_observed_F2_parent,one_observed_parent,1.0,1.0,1.0,False,reported_observed_F2_father
fAulAsc67,fAulAsc15,fAulAsc15,True,Tier_B_additional_identity,False,True,0.646,1.0,0.9545454545454546,fAulAsc15:0.646;fAulAsc5:0.307,B_observed_F2_parent,one_observed_parent,1.0,1.0,1.0,False,reported_observed_F2_father
fAulAsc68,fAulAsc32,fAulAsc32,True,Tier_B_additional_identity,False,True,0.78525,1.0,1.0,fAulAsc32:0.785;fAulAsc5:0.075;fAulAsc90:0.063;fAulAsc49:0.014;fAulAsc72:0.013,B_observed_F2_parent,one_observed_parent,1.0,1.0,1.0,False,reported_observed_F2_father
fAulAsc69,fAulAsc38,fAulAsc38,True,Tier_A_strict_identity,True,True,0.95225,1.0,1.0,fAulAsc38:0.952,A_observed_F2_parent,one_observed_parent,1.0,1.0,1.0,False,reported_observed_F2_father
fAulAsc70,fAulAsc38,fAulAsc38,True,Tier_B_additional_identity,False,True,0.866,1.0,1.0,fAulAsc38:0.866;fAulAsc123:0.046;fAulAsc24:0.034;fAulAsc147:0.022,B_observed_F2_parent,one_observed_parent,1.0,1.0,1.0,False,reported_observed_F2_father
fAulAsc109,fAulAsc38,fAulAsc38,True,Tier_A_strict_identity,True,True,0.9825,1.0,1.0,fAulAsc38:0.983,A_observed_F2_parent,one_observed_parent,1.0,1.0,1.0,False,reported_observed_F2_father
fAulAsc110,fAulAsc38,fAulAsc38,True,Tier_B_additional_identity,False,True,0.86375,1.0,1.0,fAulAsc38:0.864;fAulAsc34:0.046;fAulAsc141:0.042,B_observed_F2_parent,one_observed_parent,1.0,1.0,1.0,False,reported_observed_F2_father
fAulAsc111,0,fAulAsc19,False,,False,False,0.52675,0.1428571428571428,0.8181818181818182,fAulAsc19:0.527;fAulAsc106:0.392;fAulAsc57:0.029;fAulAsc27:0.017,C_complete_working_hypothesis,one_observed_parent,1.0,1.0,1.0,False,observed_F2_father_identity_unresolved
fAulAsc112,fAulAsc19,fAulAsc19,True,Tier_B_additional_identity,False,True,0.69425,1.0,0.9545454545454546,fAulAsc19:0.694;fAulAsc106:0.269,B_observed_F2_parent,one_observed_parent,1.0,1.0,1.0,False,reported_observed_F2_father
fAulAsc113,fAulAsc32,fAulAsc32,True,Tier_B_additional_identity,False,True,0.92025,1.0,1.0,fAulAsc32:0.920;fAulAsc3:0.025;fAulAsc87:0.024,B_observed_F2_parent,one_observed_parent,1.0,1.0,1.0,False,reported_observed_F2_father
fAulAsc114,fAulAsc38,fAulAsc38,True,Tier_B_additional_identity,False,True,0.82675,1.0,1.0,fAulAsc38:0.827;fAulAsc59:0.081;fAulAsc24:0.045,B_observed_F2_parent,one_observed_parent,1.0,1.0,1.0,False,reported_observed_F2_father
fAulAsc115,fAulAsc32,fAulAsc32,True,Tier_B_additional_identity,False,True,0.85425,1.0,1.0,fAulAsc32:0.854;fAulAsc86:0.086;fAulAsc59:0.044,B_observed_F2_parent,one_observed_parent,1.0,1.0,1.0,False,reported_observed_F2_father
fAulAsc116,fAulAsc38,fAulAsc38,True,Tier_B_additional_identity,False,True,0.901,1.0,1.0,fAulAsc38:0.901;fAulAsc71:0.048;fAulAsc28:0.019,B_observed_F2_parent,one_observed_parent,1.0,1.0,1.0,False,reported_observed_F2_father
fAulAsc117,fAulAsc38,fAulAsc38,True,Tier_B_additional_identity,False,True,0.61075,1.0,0.9545454545454546,fAulAsc38:0.611;fAulAsc9:0.268;fAulAsc12:0.073,B_observed_F2_parent,one_observed_parent,1.0,1.0,1.0,False,reported_observed_F2_father
fAulAsc118,fAulAsc32,fAulAsc32,True,Tier_B_additional_identity,False,True,0.85175,1.0,1.0,fAulAsc32:0.852;fAulAsc59:0.092;fAulAsc3:0.022,B_observed_F2_parent,one_observed_parent,1.0,1.0,1.0,False,reported_observed_F2_father
fAulAsc119,fAulAsc25,fAulAsc25,True,Tier_B_additional_identity,False,True,0.78025,1.0,1.0,fAulAsc25:0.780;fAulAsc99:0.093;fAulAsc29:0.051;fAulAsc94:0.027,B_observed_F2_parent,one_observed_parent,0.99975,1.0,1.0,False,reported_observed_F2_father
fAulAsc120,fAulAsc38,fAulAsc38,True,Tier_B_additional_identity,False,True,0.5965,1.0,1.0,fAulAsc38:0.597;fAulAsc32:0.134;fAulAsc61:0.087;fAulAsc10:0.060;fAulAsc122:0.033;fAulAsc49:0.026;fAulAsc34:0.018,B_observed_F2_parent,one_observed_parent,0.99975,1.0,1.0,False,reported_observed_F2_father
fAulAsc121,fAulAsc38,fAulAsc38,True,Tier_B_additional_identity,False,True,0.802,1.0,1.0,fAulAsc38:0.802;fAulAsc45:0.057;fAulAsc23:0.035;fAulAsc79:0.034;fAulAsc14:0.034,B_observed_F2_parent,one_observed_parent,1.0,1.0,1.0,False,reported_observed_F2_father
fAulAsc143,0,fAulAsc23,False,,False,False,0.35425,1.0,1.0,fAulAsc23:0.354;fAulAsc31:0.252;fAulAsc85:0.140;fAulAsc47:0.127;fAulAsc10:0.023;fAulAsc45:0.018;fAulAsc22:0.018;fAulAsc64:0.017;fAulAsc94:0.011,C_complete_working_hypothesis,one_observed_parent,1.0,1.0,1.0,False,observed_F2_father_identity_unresolved
fAulAsc144,fAulAsc32,fAulAsc32,True,Tier_B_additional_identity,False,True,0.7905,1.0,1.0,fAulAsc32:0.790;fAulAsc79:0.066;fAulAsc59:0.032;fAulAsc62:0.030;fAulAsc10:0.025;fAulAsc133:0.022,B_observed_F2_parent,one_observed_parent,1.0,1.0,1.0,False,reported_observed_F2_father
fAulAsc145,0,fAulAsc38,False,,False,False,0.47475,1.0,0.9545454545454546,fAulAsc38:0.475;fAulAsc141:0.221;fAulAsc21:0.175;fAulAsc33:0.033;fAulAsc139:0.024;fAulAsc34:0.021;fAulAsc86:0.016,C_complete_working_hypothesis,one_observed_parent,1.0,1.0,1.0,False,observed_F2_father_identity_unresolved
fAulAsc146,fAulAsc38,fAulAsc38,True,Tier_B_additional_identity,False,True,0.79675,1.0,1.0,fAulAsc38:0.797;fAulAsc49:0.087;fAulAsc106:0.050;fAulAsc71:0.023,B_observed_F2_parent,one_observed_parent,1.0,1.0,1.0,False,reported_observed_F2_father
fAulAsc159,0,fAulAsc52,False,,False,False,0.3285,1.0,0.9090909090909092,fAulAsc52:0.329;fAulAsc6:0.248;fAulAsc14:0.116;fAulAsc59:0.088;fAulAsc11:0.075;fAulAsc64:0.072;fAulAsc10:0.031,C_complete_working_hypothesis,one_observed_parent,1.0,1.0,1.0,False,observed_F2_father_identity_unresolved
fAulAsc170,0,fAulAsc106,False,,False,False,0.15725,1.0,0.9545454545454546,fAulAsc38:0.195;fAulAsc128:0.168;fAulAsc106:0.157;fAulAsc86:0.148;fAulAsc29:0.117;fAulAsc11:0.102;fAulAsc3:0.052;fAulAsc10:0.022,C_complete_working_hypothesis,one_observed_parent,1.0,1.0,1.0,False,observed_F2_father_identity_unresolved
fAulAsc181,0,fAulAsc52,False,,False,False,0.14275,1.0,0.7272727272727273,fAulAsc19:0.247;fAulAsc27:0.188;fAulAsc52:0.143;fAulAsc47:0.142;fAulAsc126:0.115;fAulAsc106:0.048;fAulAsc44:0.028;fAulAsc124:0.017;fAulAsc53:0.015;fAulAsc11:0.013,C_complete_working_hypothesis,one_observed_parent,1.0,1.0,1.0,False,observed_F2_father_identity_unresolved
fAulAsc192,0,fAulAsc9,False,,False,False,0.289,0.1428571428571428,0.9090909090909092,fAulAsc9:0.289;fAulAsc94:0.197;fAulAsc86:0.109;fAulAsc56:0.100;fAulAsc34:0.059;fAulAsc79:0.057;fAulAsc87:0.045;fAulAsc149:0.034;fAulAsc123:0.023;fAulAsc128:0.018;fAulAsc148:0.017;fAulAsc126:0.015,C_complete_working_hypothesis,one_observed_parent,1.0,1.0,1.0,False,observed_F2_father_identity_unresolved
fAulAsc203,fAulAsc78,fAulAsc78,True,Tier_B_additional_identity,False,True,0.78325,1.0,1.0,fAulAsc78:0.783;fAulAsc85:0.157;fAulAsc123:0.053,B_observed_F2_parent,one_observed_parent,1.0,1.0,1.0,False,reported_observed_F2_father
fAulAsc214,fAulAsc78,fAulAsc78,True,Tier_B_additional_identity,False,True,0.7525,1.0,1.0,fAulAsc78:0.752;fAulAsc28:0.172;fAulAsc25:0.068,B_observed_F2_parent,one_observed_parent,1.0,1.0,1.0,False,reported_observed_F2_father
fAulAsc225,fAulAsc32,fAulAsc32,True,Tier_B_additional_identity,False,True,0.58175,1.0,1.0,fAulAsc32:0.582;fAulAsc9:0.107;fAulAsc21:0.079;fAulAsc56:0.057;fAulAsc28:0.057;fAulAsc6:0.045;fAulAsc45:0.027,B_observed_F2_parent,one_observed_parent,1.0,1.0,1.0,False,reported_observed_F2_father
fAulAsc235,fAulAsc38,fAulAsc38,True,Tier_A_strict_identity,True,True,0.972,1.0,1.0,fAulAsc38:0.972,A_observed_F2_parent,one_observed_parent,1.0,1.0,1.0,False,reported_observed_F2_father
fAulAsc162,0,fAulAsc106,False,,False,False,0.47575,1.0,1.0,fAulAsc106:0.476;fAulAsc19:0.160;fAulAsc128:0.151;fAulAsc11:0.070;fAulAsc29:0.040;fAulAsc9:0.033;fAulAsc6:0.032,C_complete_working_hypothesis,one_observed_parent,1.0,1.0,1.0,False,observed_F2_father_identity_unresolved
fAulAsc173,0,fAulAsc37,False,,False,False,0.32475,0.1428571428571428,0.8636363636363636,fAulAsc37:0.325;fAulAsc52:0.221;fAulAsc106:0.155;fAulAsc26:0.097;fAulAsc126:0.062;fAulAsc6:0.048;fAulAsc11:0.035;fAulAsc105:0.027,C_complete_working_hypothesis,one_observed_parent,1.0,1.0,1.0,False,observed_F2_father_identity_unresolved
fAulAsc184,fAulAsc106,fAulAsc106,True,Tier_B_additional_identity,False,True,0.741,1.0,1.0,fAulAsc106:0.741;fAulAsc22:0.168;fAulAsc11:0.066,B_observed_F2_parent,one_observed_parent,1.0,1.0,1.0,False,reported_observed_F2_father
fAulAsc195,0,fAulAsc34,False,,False,False,0.246,0.1428571428571428,0.7272727272727273,fAulAsc34:0.246;fAulAsc127:0.183;fAulAsc76:0.145;fAulAsc23:0.093;fAulAsc82:0.085;fAulAsc60:0.064;fAulAsc21:0.053;fAulAsc12:0.031;fAulAsc54:0.025;fAulAsc10:0.018;fAulAsc86:0.009,C_complete_working_hypothesis,one_observed_parent,0.99875,1.0,1.0,False,observed_F2_father_identity_unresolved
fAulAsc206,fAulAsc52,fAulAsc52,True,Tier_B_additional_identity,False,True,0.51925,1.0,1.0,fAulAsc52:0.519;fAulAsc141:0.153;fAulAsc10:0.126;fAulAsc62:0.123;fAulAsc126:0.024;fAulAsc54:0.016,B_observed_F2_parent,one_observed_parent,1.0,1.0,1.0,False,reported_observed_F2_father
fAulAsc217,fAulAsc103,fAulAsc103,True,Tier_B_additional_identity,False,True,0.62725,1.0,1.0,fAulAsc103:0.627;fAulAsc56:0.104;fAulAsc29:0.100;fAulAsc85:0.060;fAulAsc77:0.050;fAulAsc81:0.028,B_observed_F2_parent,one_observed_parent,1.0,1.0,1.0,False,reported_observed_F2_father
fAulAsc227,fAulAsc106,fAulAsc106,True,Tier_B_additional_identity,False,True,0.6765,1.0,1.0,fAulAsc106:0.676;fAulAsc38:0.118;fAulAsc3:0.067;fAulAsc11:0.067;fAulAsc62:0.035,B_observed_F2_parent,one_observed_parent,1.0,1.0,1.0,False,reported_observed_F2_father
fAulAsc237,0,fAulAsc97,False,,False,False,0.56325,0.1428571428571428,0.9090909090909092,fAulAsc97:0.563;fAulAsc60:0.120;fAulAsc28:0.102;fAulAsc85:0.101;fAulAsc81:0.030;fAulAsc79:0.022;fAulAsc148:0.020,C_complete_working_hypothesis,one_observed_parent,1.0,1.0,1.0,False,observed_F2_father_identity_unresolved
fAulAsc163,0,fAulAsc52,False,,False,False,0.431,1.0,0.8181818181818182,fAulAsc52:0.431;fAulAsc6:0.337;fAulAsc125:0.110;fAulAsc105:0.048;fAulAsc19:0.027,C_complete_working_hypothesis,one_observed_parent,1.0,1.0,1.0,False,observed_F2_father_identity_unresolved
fAulAsc174,fAulAsc78,fAulAsc78,True,Tier_B_additional_identity,False,True,0.82125,1.0,1.0,fAulAsc78:0.821;fAulAsc210:0.048;fAulAsc33:0.045;fAulAsc133:0.038,B_observed_F2_parent,one_observed_parent,1.0,1.0,1.0,False,reported_observed_F2_father
fAulAsc185,0,fAulAsc128,False,,False,False,0.412,0.1428571428571428,0.7727272727272727,fAulAsc128:0.412;fAulAsc106:0.319;fAulAsc9:0.096;fAulAsc29:0.055;fAulAsc30:0.037;fAulAsc89:0.028;fAulAsc78:0.015,C_complete_working_hypothesis,one_observed_parent,1.0,1.0,1.0,False,observed_F2_father_identity_unresolved
fAulAsc196,0,fAulAsc18,False,,False,False,0.1205,0.1428571428571428,0.3636363636363636,fAulAsc26:0.234;fAulAsc93:0.218;fAulAsc18:0.120;fAulAsc2:0.103;fAulAsc32:0.084;fAulAsc87:0.062;fAulAsc17:0.051;fAulAsc15:0.033;fAulAsc36:0.025;fAulAsc129:0.018;fAulAsc95:0.015,C_complete_working_hypothesis,one_observed_parent,1.0,1.0,1.0,False,observed_F2_father_identity_unresolved
fAulAsc207,0,fAulAsc52,False,,False,False,0.4675,1.0,1.0,fAulAsc52:0.468;fAulAsc141:0.170;fAulAsc82:0.083;fAulAsc28:0.073;fAulAsc199:0.061;fAulAsc34:0.029;fAulAsc1:0.028;fAulAsc86:0.019;fAulAsc21:0.017;fAulAsc35:0.015,C_complete_working_hypothesis,one_observed_parent,0.99975,1.0,1.0,False,observed_F2_father_identity_unresolved
fAulAsc218,fAulAsc106,fAulAsc106,True,Tier_B_additional_identity,False,True,0.557,1.0,1.0,fAulAsc106:0.557;fAulAsc38:0.186;fAulAsc133:0.077;fAulAsc30:0.059;fAulAsc128:0.024;fAulAsc28:0.019;fAulAsc57:0.011;fAulAsc86:0.011;fAulAsc56:0.010,B_observed_F2_parent,one_observed_parent,1.0,1.0,1.0,False,reported_observed_F2_father
fAulAsc228,0,fAulAsc128,False,,False,False,0.6405,0.1428571428571428,0.9545454545454546,fAulAsc128:0.640;fAulAsc78:0.143;fAulAsc81:0.060;fAulAsc33:0.054;fAulAsc210:0.052,C_complete_working_hypothesis,one_observed_parent,1.0,1.0,1.0,False,observed_F2_father_identity_unresolved
fAulAsc238,0,fAulAsc52,False,,False,False,0.0725,1.0,0.9090909090909092,fAulAsc47:0.191;fAulAsc38:0.137;fAulAsc148:0.127;fAulAsc15:0.124;fAulAsc133:0.114;fAulAsc13:0.079;fAulAsc52:0.072;fAulAsc87:0.025;fAulAsc94:0.025;fAulAsc56:0.022;fAulAsc23:0.018;fAulAsc126:0.017;fAulAsc128:0.016,C_complete_working_hypothesis,one_observed_parent,1.0,1.0,1.0,False,observed_F2_father_identity_unresolved
fAulAsc164,fAulAsc78,fAulAsc78,True,Tier_B_additional_identity,False,True,0.74325,1.0,1.0,fAulAsc78:0.743;fAulAsc128:0.198;fAulAsc26:0.036,B_observed_F2_parent,one_observed_parent,1.0,1.0,1.0,False,reported_observed_F2_father
fAulAsc175,0,fAulAsc122,False,,False,False,0.1845,0.1428571428571428,0.7272727272727273,fAulAsc122:0.184;fAulAsc2:0.183;fAulAsc33:0.141;fAulAsc3:0.090;fAulAsc142:0.080;fAulAsc31:0.080;fAulAsc96:0.078;fAulAsc125:0.055;fAulAsc95:0.038;fAulAsc15:0.031,C_complete_working_hypothesis,one_observed_parent,1.0,1.0,1.0,False,observed_F2_father_identity_unresolved
fAulAsc186,0,fAulAsc6,False,,False,False,0.44625,0.1428571428571428,0.8181818181818182,fAulAsc6:0.446;fAulAsc52:0.371;fAulAsc125:0.121;fAulAsc17:0.020,C_complete_working_hypothesis,one_observed_parent,1.0,1.0,1.0,False,observed_F2_father_identity_unresolved
fAulAsc197,fAulAsc52,fAulAsc52,True,Tier_B_additional_identity,False,True,0.584,1.0,1.0,fAulAsc52:0.584;fAulAsc9:0.124;fAulAsc10:0.111;fAulAsc71:0.053;fAulAsc47:0.046;fAulAsc141:0.027;fAulAsc82:0.025,B_observed_F2_parent,one_observed_parent,1.0,1.0,1.0,False,reported_observed_F2_father
fAulAsc208,0,fAulAsc78,False,,False,False,0.3975,1.0,0.7727272727272727,fAulAsc128:0.406;fAulAsc78:0.398;fAulAsc94:0.106;fAulAsc2:0.058,C_complete_working_hypothesis,one_observed_parent,1.0,1.0,1.0,False,observed_F2_father_identity_unresolved
fAulAsc219,0,fAulAsc52,False,,False,False,0.47225,1.0,1.0,fAulAsc52:0.472;fAulAsc27:0.197;fAulAsc11:0.140;fAulAsc53:0.091;fAulAsc44:0.025;fAulAsc126:0.022;fAulAsc33:0.017,C_complete_working_hypothesis,one_observed_parent,1.0,1.0,1.0,False,observed_F2_father_identity_unresolved
fAulAsc229,fAulAsc78,fAulAsc78,True,Tier_B_additional_identity,False,True,0.852,1.0,1.0,fAulAsc78:0.852;fAulAsc77:0.046;fAulAsc94:0.037;fAulAsc126:0.034,B_observed_F2_parent,one_observed_parent,1.0,1.0,1.0,False,reported_observed_F2_father
fAulAsc239,0,fAulAsc38,False,,False,False,0.26,0.2857142857142857,0.8181818181818182,fAulAsc38:0.260;fAulAsc14:0.248;fAulAsc60:0.152;fAulAsc56:0.109;fAulAsc49:0.075;fAulAsc127:0.028;fAulAsc13:0.024;fAulAsc62:0.021;fAulAsc124:0.018;fAulAsc9:0.017,C_complete_working_hypothesis,one_observed_parent,0.9975,1.0,1.0,False,observed_F2_father_identity_unresolved
fAulAsc165,fAulAsc78,fAulAsc78,True,Tier_B_additional_identity,False,True,0.814,1.0,1.0,fAulAsc78:0.814;fAulAsc71:0.062;fAulAsc1:0.048;fAulAsc85:0.020;fAulAsc141:0.016,B_observed_F2_parent,one_observed_parent,1.0,1.0,1.0,False,reported_observed_F2_father
fAulAsc176,fAulAsc106,fAulAsc106,True,Tier_B_additional_identity,False,True,0.501,1.0,1.0,fAulAsc106:0.501;fAulAsc128:0.257;fAulAsc38:0.130;fAulAsc107:0.030;fAulAsc89:0.015;fAulAsc30:0.015;fAulAsc11:0.013,B_observed_F2_parent,one_observed_parent,1.0,1.0,1.0,False,reported_observed_F2_father
fAulAsc187,0,fAulAsc71,False,,False,False,0.4335,0.1428571428571428,1.0,fAulAsc71:0.433;fAulAsc97:0.162;fAulAsc3:0.105;fAulAsc34:0.105;fAulAsc8:0.067;fAulAsc28:0.045;fAulAsc53:0.029;fAulAsc27:0.013,C_complete_working_hypothesis,one_observed_parent,0.99875,1.0,1.0,False,observed_F2_father_identity_unresolved
fAulAsc198,0,fAulAsc78,False,,False,False,0.3585,1.0,0.9545454545454546,fAulAsc78:0.358;fAulAsc123:0.286;fAulAsc71:0.136;fAulAsc107:0.049;fAulAsc38:0.042;fAulAsc82:0.038;fAulAsc141:0.038;fAulAsc128:0.025,C_complete_working_hypothesis,one_observed_parent,1.0,1.0,1.0,False,observed_F2_father_identity_unresolved
fAulAsc209,0,fAulAsc38,False,,False,False,0.579,0.1428571428571428,0.9545454545454546,fAulAsc38:0.579;fAulAsc49:0.150;fAulAsc58:0.126;fAulAsc21:0.052;fAulAsc89:0.041;fAulAsc45:0.018,C_complete_working_hypothesis,one_observed_parent,0.99975,1.0,1.0,False,observed_F2_father_identity_unresolved
fAulAsc220,0,fAulAsc81,False,,False,False,0.20075,0.1428571428571428,0.8636363636363636,fAulAsc81:0.201;fAulAsc11:0.182;fAulAsc60:0.143;fAulAsc104:0.100;fAulAsc9:0.074;fAulAsc78:0.074;fAulAsc58:0.065;fAulAsc56:0.032;fAulAsc21:0.027;fAulAsc29:0.022;fAulAsc6:0.019;fAulAsc28:0.015,C_complete_working_hypothesis,one_observed_parent,0.99675,1.0,1.0,False,observed_F2_father_identity_unresolved
fAulAsc230,0,fAulAsc13,False,,False,False,0.3165,0.1428571428571428,0.9090909090909092,fAulAsc13:0.317;fAulAsc49:0.221;fAulAsc56:0.181;fAulAsc80:0.082;fAulAsc10:0.062;fAulAsc40:0.045;fAulAsc60:0.030;fAulAsc90:0.018,C_complete_working_hypothesis,one_observed_parent,0.99625,1.0,1.0,False,observed_F2_father_identity_unresolved
fAulAsc240,fAulAsc106,fAulAsc106,True,Tier_B_additional_identity,False,True,0.72475,1.0,1.0,fAulAsc106:0.725;fAulAsc11:0.089;fAulAsc59:0.050;fAulAsc19:0.043;fAulAsc86:0.028;fAulAsc62:0.017,B_observed_F2_parent,one_observed_parent,1.0,1.0,1.0,False,reported_observed_F2_father
fAulAsc166,0,fAulAsc97,False,,False,False,0.636,0.1428571428571428,1.0,fAulAsc97:0.636;fAulAsc134:0.126;fAulAsc77:0.101;fAulAsc98:0.035;fAulAsc199:0.021;fAulAsc76:0.020;fAulAsc129:0.020,C_complete_working_hypothesis,one_observed_parent,0.981,1.0,1.0,False,observed_F2_father_identity_unresolved
fAulAsc221,0,fAulAsc106,False,,False,False,0.49725,1.0,0.9545454545454546,fAulAsc106:0.497;fAulAsc30:0.212;fAulAsc128:0.178;fAulAsc141:0.044;fAulAsc3:0.035,C_complete_working_hypothesis,one_observed_parent,1.0,1.0,1.0,False,observed_F2_father_identity_unresolved
fAulAsc231,fAulAsc78,fAulAsc78,True,Tier_B_additional_identity,False,True,0.54375,1.0,1.0,fAulAsc78:0.544;fAulAsc91:0.290;fAulAsc123:0.053;fAulAsc128:0.053;fAulAsc141:0.048,B_observed_F2_parent,one_observed_parent,1.0,1.0,1.0,False,reported_observed_F2_father
fAulAsc241,0,fAulAsc102,False,,False,False,0.4345,1.0,1.0,fAulAsc102:0.434;fAulAsc16:0.135;fAulAsc47:0.119;fAulAsc53:0.104;fAulAsc11:0.089;fAulAsc93:0.042;fAulAsc22:0.033,C_complete_working_hypothesis,one_observed_parent,1.0,1.0,1.0,False,observed_F2_father_identity_unresolved
fAulAsc167,fAulAsc106,fAulAsc106,True,Tier_B_additional_identity,False,True,0.5195,1.0,1.0,fAulAsc106:0.519;fAulAsc94:0.095;fAulAsc22:0.084;fAulAsc38:0.080;fAulAsc17:0.068;fAulAsc11:0.063;fAulAsc10:0.027;fAulAsc86:0.013,B_observed_F2_parent,one_observed_parent,1.0,1.0,1.0,False,reported_observed_F2_father
fAulAsc178,fAulAsc58,fAulAsc58,True,Tier_B_additional_identity,False,True,0.697,1.0,1.0,fAulAsc58:0.697;fAulAsc102:0.121;fAulAsc142:0.059;fAulAsc32:0.025;fAulAsc97:0.024;fAulAsc19:0.015;fAulAsc26:0.015,B_observed_F2_parent,one_observed_parent,1.0,1.0,1.0,False,reported_observed_F2_father
fAulAsc189,0,fAulAsc52,False,,False,False,0.225,1.0,0.8636363636363636,fAulAsc52:0.225;fAulAsc6:0.182;fAulAsc43:0.177;fAulAsc31:0.149;fAulAsc53:0.108;fAulAsc19:0.069;fAulAsc131:0.028;fAulAsc35:0.021,C_complete_working_hypothesis,one_observed_parent,1.0,1.0,1.0,False,observed_F2_father_identity_unresolved
fAulAsc200,0,fAulAsc52,False,,False,False,0.404,1.0,0.9545454545454546,fAulAsc52:0.404;fAulAsc27:0.276;fAulAsc53:0.072;fAulAsc87:0.066;fAulAsc108:0.050;fAulAsc51:0.049;fAulAsc126:0.047,C_complete_working_hypothesis,one_observed_parent,1.0,1.0,1.0,False,observed_F2_father_identity_unresolved
fAulAsc211,0,fAulAsc17,False,,False,False,0.3005,0.1428571428571428,0.8636363636363636,fAulAsc17:0.300;fAulAsc11:0.263;fAulAsc52:0.193;fAulAsc37:0.109;fAulAsc15:0.026;fAulAsc43:0.025;fAulAsc16:0.024;fAulAsc32:0.021,C_complete_working_hypothesis,one_observed_parent,1.0,1.0,1.0,False,observed_F2_father_identity_unresolved
fAulAsc222,0,fAulAsc21,False,,False,False,0.2115,0.1428571428571428,0.8181818181818182,fAulAsc21:0.211;fAulAsc71:0.205;fAulAsc10:0.184;fAulAsc82:0.101;fAulAsc100:0.076;fAulAsc58:0.069;fAulAsc45:0.035;fAulAsc1:0.034;fAulAsc135:0.028;fAulAsc79:0.026,C_complete_working_hypothesis,one_observed_parent,0.99975,1.0,1.0,False,observed_F2_father_identity_unresolved
fAulAsc232,0,fAulAsc10,False,,False,False,0.2705,0.1428571428571428,0.9090909090909092,fAulAsc10:0.271;fAulAsc85:0.225;fAulAsc14:0.176;fAulAsc16:0.074;fAulAsc9:0.073;fAulAsc87:0.060;fAulAsc45:0.041;fAulAsc62:0.035,C_complete_working_hypothesis,one_observed_parent,1.0,1.0,1.0,False,observed_F2_father_identity_unresolved
fAulAsc242,fAulAsc52,fAulAsc52,True,Tier_B_additional_identity,False,True,0.58075,1.0,1.0,fAulAsc52:0.581;fAulAsc25:0.173;fAulAsc126:0.123;fAulAsc6:0.025;fAulAsc37:0.025;fAulAsc2:0.023;fAulAsc15:0.018,B_observed_F2_parent,one_observed_parent,1.0,1.0,1.0,False,reported_observed_F2_father
fAulAsc168,0,fAulAsc60,False,,False,False,0.40825,1.0,0.9090909090909092,fAulAsc60:0.408;fAulAsc97:0.351;fAulAsc76:0.070;fAulAsc71:0.069;fAulAsc34:0.043;fAulAsc81:0.030,C_complete_working_hypothesis,one_observed_parent,1.0,1.0,1.0,False,observed_F2_father_identity_unresolved
fAulAsc179,0,fAulAsc64,False,,False,False,0.2865,0.1428571428571428,0.9090909090909092,fAulAsc64:0.286;fAulAsc21:0.157;fAulAsc98:0.111;fAulAsc82:0.100;fAulAsc49:0.090;fAulAsc58:0.078;fAulAsc14:0.073;fAulAsc93:0.039;fAulAsc29:0.030,C_complete_working_hypothesis,one_observed_parent,0.99975,1.0,1.0,False,observed_F2_father_identity_unresolved
fAulAsc190,0,fAulAsc128,False,,False,False,0.59175,0.1428571428571428,0.9545454545454546,fAulAsc128:0.592;fAulAsc123:0.181;fAulAsc78:0.136;fAulAsc26:0.030;fAulAsc22:0.021,C_complete_working_hypothesis,one_observed_parent,1.0,1.0,1.0,False,observed_F2_father_identity_unresolved
fAulAsc201,0,fAulAsc71,False,,False,False,0.1405,0.1428571428571428,0.7727272727272727,fAulAsc64:0.206;fAulAsc82:0.175;fAulAsc71:0.141;fAulAsc38:0.140;fAulAsc98:0.102;fAulAsc49:0.072;fAulAsc1:0.066;fAulAsc58:0.028;fAulAsc45:0.022,C_complete_working_hypothesis,one_observed_parent,1.0,1.0,1.0,False,observed_F2_father_identity_unresolved
fAulAsc212,fAulAsc52,fAulAsc52,True,Tier_B_additional_identity,False,True,0.78475,1.0,1.0,fAulAsc52:0.785;fAulAsc11:0.061;fAulAsc25:0.049;fAulAsc53:0.033;fAulAsc6:0.031,B_observed_F2_parent,one_observed_parent,1.0,1.0,1.0,False,reported_observed_F2_father
fAulAsc223,0,fAulAsc85,False,,False,False,0.55525,0.2857142857142857,0.9545454545454546,fAulAsc85:0.555;fAulAsc102:0.205;fAulAsc79:0.063;fAulAsc38:0.061;fAulAsc61:0.027;fAulAsc11:0.015;fAulAsc24:0.015;fAulAsc19:0.014,C_complete_working_hypothesis,one_observed_parent,0.999,1.0,1.0,False,observed_F2_father_identity_unresolved
fAulAsc233,0,fAulAsc6,False,,False,False,0.60725,0.1428571428571428,1.0,fAulAsc6:0.607;fAulAsc106:0.161;fAulAsc52:0.123;fAulAsc36:0.045;fAulAsc124:0.024,C_complete_working_hypothesis,one_observed_parent,1.0,1.0,1.0,False,observed_F2_father_identity_unresolved
fAulAsc243,fAulAsc106,fAulAsc106,True,Tier_B_additional_identity,False,True,0.5235,1.0,1.0,fAulAsc106:0.523;fAulAsc97:0.096;fAulAsc61:0.095;fAulAsc91:0.081;fAulAsc107:0.058;fAulAsc34:0.051;fAulAsc123:0.048,B_observed_F2_parent,one_observed_parent,1.0,1.0,1.0,False,reported_observed_F2_father
fAulAsc169,fAulAsc52,fAulAsc52,True,Tier_B_additional_identity,False,True,0.62575,1.0,1.0,fAulAsc52:0.626;fAulAsc6:0.104;fAulAsc11:0.079;fAulAsc19:0.076;fAulAsc102:0.068,B_observed_F2_parent,one_observed_parent,1.0,1.0,1.0,False,reported_observed_F2_father
fAulAsc180,0,fAulAsc60,False,,False,False,0.27275,1.0,0.9545454545454546,fAulAsc60:0.273;fAulAsc34:0.205;fAulAsc94:0.118;fAulAsc93:0.105;fAulAsc59:0.103;fAulAsc12:0.065;fAulAsc53:0.063;fAulAsc3:0.032,C_complete_working_hypothesis,one_observed_parent,0.99375,1.0,1.0,False,observed_F2_father_identity_unresolved
fAulAsc191,fAulAsc60,fAulAsc60,True,Tier_B_additional_identity,False,True,0.64175,1.0,1.0,fAulAsc60:0.642;fAulAsc10:0.082;fAulAsc8:0.066;fAulAsc38:0.048;fAulAsc64:0.047;fAulAsc76:0.039;fAulAsc33:0.020;fAulAsc54:0.012,B_observed_F2_parent,one_observed_parent,0.99975,1.0,1.0,False,reported_observed_F2_father
fAulAsc202,fAulAsc78,fAulAsc78,True,Tier_B_additional_identity,False,True,0.8925,1.0,1.0,fAulAsc78:0.892;fAulAsc90:0.062,B_observed_F2_parent,one_observed_parent,1.0,1.0,1.0,False,reported_observed_F2_father
fAulAsc213,0,fAulAsc106,False,,False,False,0.34725,1.0,0.9545454545454546,fAulAsc106:0.347;fAulAsc86:0.275;fAulAsc94:0.139;fAulAsc21:0.061;fAulAsc3:0.038;fAulAsc54:0.035;fAulAsc6:0.035;fAulAsc30:0.023,C_complete_working_hypothesis,one_observed_parent,1.0,1.0,1.0,False,observed_F2_father_identity_unresolved
fAulAsc224,fAulAsc78,fAulAsc78,True,Tier_B_additional_identity,False,True,0.64925,1.0,1.0,fAulAsc78:0.649;fAulAsc25:0.113;fAulAsc26:0.097;fAulAsc188:0.051;fAulAsc52:0.025;fAulAsc20:0.021,B_observed_F2_parent,one_observed_parent,1.0,1.0,1.0,False,reported_observed_F2_father
fAulAsc234,0,fAulAsc11,False,,False,False,0.31575,0.1428571428571428,0.9545454545454546,fAulAsc11:0.316;fAulAsc26:0.226;fAulAsc55:0.133;fAulAsc41:0.111;fAulAsc8:0.110;fAulAsc89:0.043;fAulAsc122:0.025,C_complete_working_hypothesis,one_observed_parent,1.0,1.0,1.0,False,observed_F2_father_identity_unresolved
fAulAsc244,0,fAulAsc106,False,,False,False,0.21725,1.0,0.9545454545454546,fAulAsc106:0.217;fAulAsc9:0.197;fAulAsc19:0.123;fAulAsc128:0.074;fAulAsc24:0.067;fAulAsc38:0.051;fAulAsc148:0.050;fAulAsc6:0.047;fAulAsc62:0.044;fAulAsc44:0.029;fAulAsc49:0.028;fAulAsc86:0.015;fAulAsc122:0.015,C_complete_working_hypothesis,one_observed_parent,1.0,1.0,1.0,False,observed_F2_father_identity_unresolved
fAulAsc160,fAulAsc78,fAulAsc78,True,Tier_B_additional_identity,False,True,0.636,1.0,1.0,fAulAsc78:0.636;fAulAsc29:0.134;fAulAsc123:0.133;fAulAsc149:0.048,B_observed_F2_parent,one_observed_parent,1.0,1.0,1.0,False,reported_observed_F2_father
fAulAsc171,fAulAsc106,fAulAsc106,True,Tier_B_additional_identity,False,True,0.75725,1.0,1.0,fAulAsc106:0.757;fAulAsc9:0.183;fAulAsc10:0.015,B_observed_F2_parent,one_observed_parent,1.0,1.0,1.0,False,reported_observed_F2_father
fAulAsc182,fAulAsc78,fAulAsc78,True,Tier_B_additional_identity,False,True,0.935,1.0,1.0,fAulAsc78:0.935;fAulAsc77:0.037,B_observed_F2_parent,one_observed_parent,1.0,1.0,1.0,False,reported_observed_F2_father
fAulAsc193,fAulAsc102,fAulAsc102,True,Tier_B_additional_identity,False,True,0.514,1.0,0.9545454545454546,fAulAsc102:0.514;fAulAsc26:0.170;fAulAsc137:0.119;fAulAsc6:0.056;fAulAsc58:0.039;fAulAsc25:0.025;fAulAsc32:0.017;fAulAsc2:0.012,B_observed_F2_parent,one_observed_parent,1.0,1.0,1.0,False,reported_observed_F2_father
fAulAsc204,fAulAsc102,fAulAsc102,True,Tier_B_additional_identity,False,True,0.9065,1.0,1.0,fAulAsc102:0.906;fAulAsc6:0.035;fAulAsc26:0.032,B_observed_F2_parent,one_observed_parent,1.0,1.0,1.0,False,reported_observed_F2_father
fAulAsc215,fAulAsc106,fAulAsc106,True,Tier_B_additional_identity,False,True,0.684,1.0,1.0,fAulAsc106:0.684;fAulAsc22:0.097;fAulAsc6:0.069;fAulAsc19:0.062;fAulAsc8:0.036;fAulAsc16:0.035,B_observed_F2_parent,one_observed_parent,1.0,1.0,1.0,False,reported_observed_F2_father
fAulAsc226,0,fAulAsc78,False,,False,False,0.4125,1.0,1.0,fAulAsc78:0.412;fAulAsc46:0.194;fAulAsc28:0.175;fAulAsc31:0.055;fAulAsc128:0.036;fAulAsc61:0.026;fAulAsc104:0.019;fAulAsc22:0.018;fAulAsc77:0.017,C_complete_working_hypothesis,one_observed_parent,1.0,1.0,1.0,False,observed_F2_father_identity_unresolved
fAulAsc236,0,fAulAsc52,False,,False,False,0.39175,1.0,1.0,fAulAsc52:0.392;fAulAsc79:0.166;fAulAsc210:0.111;fAulAsc141:0.102;fAulAsc19:0.097;fAulAsc86:0.090,C_complete_working_hypothesis,one_observed_parent,1.0,1.0,1.0,False,observed_F2_father_identity_unresolved
fAulAsc161,0,fAulAsc52,False,,False,False,0.35925,1.0,1.0,fAulAsc52:0.359;fAulAsc2:0.143;fAulAsc14:0.141;fAulAsc126:0.127;fAulAsc47:0.070;fAulAsc16:0.044;fAulAsc86:0.034;fAulAsc11:0.019;fAulAsc33:0.014,C_complete_working_hypothesis,one_observed_parent,1.0,1.0,1.0,False,observed_F2_father_identity_unresolved
fAulAsc172,0,fAulAsc11,False,,False,False,0.71675,0.1428571428571428,1.0,fAulAsc11:0.717;fAulAsc20:0.049;fAulAsc124:0.046;fAulAsc73:0.031;fAulAsc60:0.029;fAulAsc41:0.029;fAulAsc16:0.028;fAulAsc62:0.020;fAulAsc2:0.012,C_complete_working_hypothesis,one_observed_parent,1.0,1.0,1.0,False,observed_F2_father_identity_unresolved
fAulAsc183,0,fAulAsc56,False,,False,False,0.41525,0.1428571428571428,0.9545454545454546,fAulAsc56:0.415;fAulAsc58:0.203;fAulAsc38:0.097;fAulAsc45:0.082;fAulAsc64:0.051;fAulAsc188:0.033;fAulAsc82:0.032;fAulAsc94:0.028;fAulAsc126:0.019,C_complete_working_hypothesis,one_observed_parent,0.99825,1.0,1.0,False,observed_F2_father_identity_unresolved
fAulAsc194,0,fAulAsc106,False,,False,False,0.17825,1.0,1.0,fAulAsc94:0.180;fAulAsc106:0.178;fAulAsc6:0.170;fAulAsc11:0.110;fAulAsc82:0.101;fAulAsc54:0.051;fAulAsc21:0.049;fAulAsc23:0.043;fAulAsc148:0.042;fAulAsc13:0.018;fAulAsc64:0.017,C_complete_working_hypothesis,one_observed_parent,1.0,1.0,1.0,False,observed_F2_father_identity_unresolved
fAulAsc205,fAulAsc106,fAulAsc106,True,Tier_B_additional_identity,False,True,0.531,1.0,1.0,fAulAsc106:0.531;fAulAsc28:0.202;fAulAsc13:0.121;fAulAsc11:0.070;fAulAsc56:0.027,B_observed_F2_parent,one_observed_parent,1.0,1.0,1.0,False,reported_observed_F2_father
fAulAsc216,0,fAulAsc82,False,,False,False,0.46625,0.1428571428571428,0.9545454545454546,fAulAsc82:0.466;fAulAsc29:0.147;fAulAsc52:0.106;fAulAsc141:0.105;fAulAsc56:0.092;fAulAsc59:0.013;fAulAsc148:0.009;fAulAsc19:0.008;fAulAsc106:0.007,C_complete_working_hypothesis,one_observed_parent,0.99875,1.0,1.0,False,observed_F2_father_identity_unresolved
fAulAsc248,0,fAulAsc60,False,,False,False,0.4315,1.0,1.0,fAulAsc60:0.431;fAulAsc8:0.108;fAulAsc81:0.088;fAulAsc24:0.071;fAulAsc21:0.054;fAulAsc53:0.052;fAulAsc93:0.048;fAulAsc97:0.043;fAulAsc38:0.041;fAulAsc77:0.019,C_complete_working_hypothesis,one_observed_parent,0.99775,1.0,1.0,False,observed_F2_father_identity_unresolved
fAulAsc249,0,fAulAsc106,False,,False,False,0.449,1.0,1.0,fAulAsc106:0.449;fAulAsc10:0.231;fAulAsc94:0.062;fAulAsc54:0.061;fAulAsc30:0.044;fAulAsc21:0.034;fAulAsc17:0.026;fAulAsc13:0.025;fAulAsc9:0.023,C_complete_working_hypothesis,one_observed_parent,1.0,1.0,1.0,False,observed_F2_father_identity_unresolved
fAulAsc250,0,fAulAsc102,False,,False,False,0.493,1.0,1.0,fAulAsc102:0.493;fAulAsc9:0.112;fAulAsc85:0.105;fAulAsc21:0.079;fAulAsc53:0.049;fAulAsc99:0.044;fAulAsc61:0.044;fAulAsc74:0.029,C_complete_working_hypothesis,one_observed_parent,1.0,1.0,1.0,False,observed_F2_father_identity_unresolved
fAulAsc251,0,fAulAsc29,False,,False,False,0.359,0.1428571428571428,0.9090909090909092,fAulAsc29:0.359;fAulAsc1:0.141;fAulAsc97:0.124;fAulAsc60:0.114;fAulAsc22:0.095;fAulAsc130:0.059;fAulAsc71:0.047;fAulAsc23:0.015,C_complete_working_hypothesis,one_observed_parent,1.0,1.0,1.0,False,observed_F2_father_identity_unresolved
fAulAsc245,fAulAsc102,fAulAsc102,True,Tier_B_additional_identity,False,True,0.673,1.0,1.0,fAulAsc102:0.673;fAulAsc26:0.148;fAulAsc32:0.083;fAulAsc137:0.041;fAulAsc6:0.030,B_observed_F2_parent,one_observed_parent,1.0,1.0,1.0,False,reported_observed_F2_father
fAulAsc246,fAulAsc106,fAulAsc106,True,Tier_B_additional_identity,False,True,0.84,1.0,1.0,fAulAsc106:0.840;fAulAsc11:0.082;fAulAsc126:0.028,B_observed_F2_parent,one_observed_parent,1.0,1.0,1.0,False,reported_observed_F2_father
fAulAsc247,0,fAulAsc81,False,,False,False,0.20275,0.2857142857142857,0.8636363636363636,fAulAsc79:0.232;fAulAsc81:0.203;fAulAsc141:0.106;fAulAsc91:0.084;fAulAsc142:0.083;fAulAsc9:0.062;fAulAsc56:0.045;fAulAsc27:0.042;fAulAsc101:0.036;fAulAsc29:0.028;fAulAsc97:0.025;fAulAsc1:0.010,C_complete_working_hypothesis,one_observed_parent,0.9945,1.0,1.0,False,observed_F2_father_identity_unresolved
fAulAsc252,0,fAulAsc29,False,,False,False,0.28475,0.1428571428571428,0.9090909090909092,fAulAsc29:0.285;fAulAsc10:0.209;fAulAsc71:0.190;fAulAsc107:0.061;fAulAsc28:0.042;fAulAsc34:0.038;fAulAsc99:0.026;fAulAsc38:0.026;fAulAsc97:0.025;fAulAsc129:0.023;fAulAsc82:0.017;fAulAsc17:0.016,C_complete_working_hypothesis,one_observed_parent,1.0,1.0,1.0,False,observed_F2_father_identity_unresolved
fAulAsc262,fAulAsc102,fAulAsc102,True,Tier_B_additional_identity,False,True,0.666,1.0,1.0,fAulAsc102:0.666;fAulAsc26:0.154;fAulAsc52:0.048;fAulAsc100:0.035;fAulAsc125:0.023;fAulAsc138:0.021;fAulAsc90:0.010,B_observed_F2_parent,one_observed_parent,1.0,1.0,1.0,False,reported_observed_F2_father
fAulAsc265,0,fAulAsc10,False,,False,False,0.41825,0.1428571428571428,0.9545454545454546,fAulAsc10:0.418;fAulAsc60:0.166;fAulAsc56:0.108;fAulAsc23:0.073;fAulAsc86:0.066;fAulAsc82:0.048;fAulAsc58:0.042;fAulAsc64:0.024;fAulAsc21:0.009,C_complete_working_hypothesis,one_observed_parent,0.9995,1.0,1.0,False,observed_F2_father_identity_unresolved
fAulAsc268,fAulAsc52,fAulAsc52,True,Tier_B_additional_identity,False,True,0.54375,1.0,0.9545454545454546,fAulAsc52:0.544;fAulAsc6:0.193;fAulAsc2:0.079;fAulAsc25:0.071;fAulAsc100:0.069,B_observed_F2_parent,one_observed_parent,1.0,1.0,1.0,False,reported_observed_F2_father
fAulAsc271,0,fAulAsc122,False,,False,False,0.4235,1.0,1.0,fAulAsc122:0.423;fAulAsc28:0.197;fAulAsc94:0.117;fAulAsc128:0.046;fAulAsc19:0.038;fAulAsc138:0.037;fAulAsc24:0.034;fAulAsc123:0.033;fAulAsc59:0.024;fAulAsc13:0.014,C_complete_working_hypothesis,one_observed_parent,0.999,1.0,1.0,False,observed_F2_father_identity_unresolved
fAulAsc254,0,fAulAsc96,False,,False,False,0.374,0.1428571428571428,1.0,fAulAsc96:0.374;fAulAsc30:0.145;fAulAsc101:0.129;fAulAsc84:0.088;fAulAsc41:0.073;fAulAsc97:0.051;fAulAsc210:0.046;fAulAsc77:0.041;fAulAsc102:0.025,C_complete_working_hypothesis,one_observed_parent,1.0,1.0,1.0,False,observed_F2_father_identity_unresolved
fAulAsc256,0,fAulAsc142,False,,False,False,0.15375,1.0,0.5454545454545454,fAulAsc91:0.273;fAulAsc142:0.154;fAulAsc62:0.106;fAulAsc32:0.093;fAulAsc123:0.085;fAulAsc52:0.080;fAulAsc125:0.032;fAulAsc29:0.032;fAulAsc53:0.026;fAulAsc100:0.023;fAulAsc107:0.020;fAulAsc86:0.019;fAulAsc24:0.013,C_complete_working_hypothesis,one_observed_parent,1.0,1.0,1.0,False,observed_F2_father_identity_unresolved
fAulAsc258,0,fAulAsc9,False,,False,False,0.56375,0.1428571428571428,1.0,fAulAsc9:0.564;fAulAsc14:0.097;fAulAsc71:0.092;fAulAsc141:0.090;fAulAsc52:0.045;fAulAsc6:0.028;fAulAsc62:0.015;fAulAsc74:0.012;fAulAsc19:0.009,C_complete_working_hypothesis,one_observed_parent,1.0,1.0,1.0,False,observed_F2_father_identity_unresolved
fAulAsc260,0,fAulAsc58,False,,False,False,0.4395,1.0,1.0,fAulAsc58:0.440;fAulAsc60:0.157;fAulAsc32:0.113;fAulAsc15:0.063;fAulAsc104:0.059;fAulAsc108:0.045;fAulAsc142:0.031;fAulAsc31:0.023;fAulAsc96:0.017;fAulAsc103:0.011,C_complete_working_hypothesis,one_observed_parent,1.0,1.0,1.0,False,observed_F2_father_identity_unresolved
fAulAsc263,0,fAulAsc58,False,,False,False,0.1515,1.0,0.9545454545454546,fAulAsc14:0.194;fAulAsc94:0.163;fAulAsc100:0.160;fAulAsc58:0.151;fAulAsc82:0.100;fAulAsc141:0.085;fAulAsc38:0.080;fAulAsc71:0.017;fAulAsc64:0.014,C_complete_working_hypothesis,one_observed_parent,0.99975,1.0,1.0,False,observed_F2_father_identity_unresolved
fAulAsc266,0,fAulAsc71,False,,False,False,0.3245,0.1428571428571428,0.9090909090909092,fAulAsc71:0.325;fAulAsc58:0.223;fAulAsc56:0.136;fAulAsc60:0.122;fAulAsc38:0.092;fAulAsc29:0.025;fAulAsc59:0.025;fAulAsc123:0.018,C_complete_working_hypothesis,one_observed_parent,1.0,1.0,1.0,False,observed_F2_father_identity_unresolved
fAulAsc269,0,fAulAsc106,False,,False,False,0.31875,1.0,0.9545454545454546,fAulAsc106:0.319;fAulAsc59:0.248;fAulAsc10:0.111;fAulAsc62:0.083;fAulAsc128:0.059;fAulAsc26:0.054;fAulAsc23:0.048;fAulAsc28:0.023;fAulAsc11:0.022,C_complete_working_hypothesis,one_observed_parent,1.0,1.0,1.0,False,observed_F2_father_identity_unresolved
fAulAsc272,fAulAsc102,fAulAsc102,True,Tier_B_additional_identity,False,True,0.60225,1.0,1.0,fAulAsc102:0.602;fAulAsc26:0.114;fAulAsc80:0.107;fAulAsc104:0.079;fAulAsc88:0.039;fAulAsc100:0.016,B_observed_F2_parent,one_observed_parent,1.0,1.0,1.0,False,reported_observed_F2_father
fAulAsc253,0,fAulAsc10,False,,False,False,0.298,0.1428571428571428,0.8636363636363636,fAulAsc10:0.298;fAulAsc29:0.230;fAulAsc38:0.179;fAulAsc97:0.070;fAulAsc142:0.060;fAulAsc34:0.057;fAulAsc88:0.030;fAulAsc64:0.026;fAulAsc199:0.016,C_complete_working_hypothesis,one_observed_parent,1.0,1.0,1.0,False,observed_F2_father_identity_unresolved
fAulAsc255,0,fAulAsc60,False,,False,False,0.327,1.0,0.8636363636363636,fAulAsc60:0.327;fAulAsc34:0.297;fAulAsc38:0.171;fAulAsc30:0.043;fAulAsc126:0.033;fAulAsc88:0.026;fAulAsc97:0.026;fAulAsc9:0.026,C_complete_working_hypothesis,one_observed_parent,0.998,1.0,1.0,False,observed_F2_father_identity_unresolved
fAulAsc257,fAulAsc102,fAulAsc102,True,Tier_B_additional_identity,False,True,0.78025,1.0,1.0,fAulAsc102:0.780;fAulAsc6:0.102;fAulAsc26:0.049;fAulAsc32:0.037,B_observed_F2_parent,one_observed_parent,1.0,1.0,1.0,False,reported_observed_F2_father
fAulAsc259,fAulAsc60,fAulAsc60,True,Tier_B_additional_identity,False,True,0.55075,1.0,1.0,fAulAsc60:0.551;fAulAsc38:0.152;fAulAsc1:0.132;fAulAsc29:0.057;fAulAsc21:0.039;fAulAsc74:0.027,B_observed_F2_parent,one_observed_parent,0.99975,1.0,1.0,False,reported_observed_F2_father
fAulAsc261,0,fAulAsc106,False,,False,False,0.442,1.0,1.0,fAulAsc106:0.442;fAulAsc28:0.250;fAulAsc27:0.144;fAulAsc11:0.103;fAulAsc85:0.014,C_complete_working_hypothesis,one_observed_parent,1.0,1.0,1.0,False,observed_F2_father_identity_unresolved
fAulAsc264,0,fAulAsc46,False,,False,False,0.33425,0.1428571428571428,0.9090909090909092,fAulAsc46:0.334;fAulAsc11:0.177;fAulAsc129:0.134;fAulAsc102:0.110;fAulAsc27:0.100;fAulAsc130:0.057;fAulAsc6:0.046,C_complete_working_hypothesis,one_observed_parent,1.0,1.0,1.0,False,observed_F2_father_identity_unresolved
fAulAsc267,fAulAsc102,fAulAsc102,True,Tier_B_additional_identity,False,True,0.5405,1.0,1.0,fAulAsc102:0.540;fAulAsc12:0.103;fAulAsc123:0.092;fAulAsc46:0.081;fAulAsc9:0.062;fAulAsc86:0.047;fAulAsc96:0.042,B_observed_F2_parent,one_observed_parent,1.0,1.0,1.0,False,reported_observed_F2_father
fAulAsc270,fAulAsc91,fAulAsc91,True,Tier_B_additional_identity,False,True,0.6325,1.0,1.0,fAulAsc91:0.632;fAulAsc6:0.145;fAulAsc53:0.120;fAulAsc81:0.060,B_observed_F2_parent,one_observed_parent,1.0,1.0,1.0,False,reported_observed_F2_father
fAulAsc273,0,fAulAsc103,False,,False,False,0.25625,1.0,1.0,fAulAsc103:0.256;fAulAsc77:0.192;fAulAsc81:0.182;fAulAsc5:0.119;fAulAsc76:0.072;fAulAsc34:0.038;fAulAsc141:0.038;fAulAsc30:0.036;fAulAsc64:0.018,C_complete_working_hypothesis,one_observed_parent,1.0,1.0,1.0,False,observed_F2_father_identity_unresolved
fAulAsc275,0,fAulAsc52,False,,False,False,0.239,1.0,0.9545454545454546,fAulAsc52:0.239;fAulAsc33:0.171;fAulAsc17:0.145;fAulAsc122:0.125;fAulAsc22:0.081;fAulAsc16:0.072;fAulAsc100:0.067;fAulAsc27:0.041;fAulAsc188:0.037,C_complete_working_hypothesis,one_observed_parent,1.0,1.0,1.0,False,observed_F2_father_identity_unresolved
fAulAsc277,fAulAsc102,fAulAsc102,True,Tier_B_additional_identity,False,True,0.61075,1.0,1.0,fAulAsc102:0.611;fAulAsc6:0.102;fAulAsc3:0.093;fAulAsc26:0.067;fAulAsc25:0.048;fAulAsc52:0.028;fAulAsc131:0.022,B_observed_F2_parent,one_observed_parent,1.0,1.0,1.0,False,reported_observed_F2_father
fAulAsc279,fAulAsc177,fAulAsc177,True,Tier_B_additional_identity,False,True,0.565,1.0,1.0,fAulAsc177:0.565;fAulAsc97:0.139;fAulAsc210:0.117;fAulAsc131:0.035;fAulAsc93:0.030;fAulAsc104:0.030;fAulAsc31:0.018;fAulAsc40:0.017,B_observed_F2_parent,one_observed_parent,1.0,1.0,1.0,False,reported_observed_F2_father
fAulAsc281,fAulAsc102,fAulAsc102,True,Tier_B_additional_identity,False,True,0.8985,1.0,1.0,fAulAsc102:0.898;fAulAsc33:0.088,B_observed_F2_parent,one_observed_parent,1.0,1.0,1.0,False,reported_observed_F2_father
fAulAsc283,0,fAulAsc127,False,,False,False,0.2595,0.1428571428571428,0.9090909090909092,fAulAsc127:0.260;fAulAsc94:0.191;fAulAsc56:0.180;fAulAsc45:0.129;fAulAsc38:0.114;fAulAsc60:0.071;fAulAsc123:0.023,C_complete_working_hypothesis,one_observed_parent,1.0,1.0,1.0,False,observed_F2_father_identity_unresolved
fAulAsc285,0,fAulAsc26,False,,False,False,0.26025,0.1428571428571428,0.8181818181818182,fAulAsc11:0.271;fAulAsc26:0.260;fAulAsc21:0.067;fAulAsc10:0.066;fAulAsc71:0.060;fAulAsc62:0.056;fAulAsc99:0.038;fAulAsc13:0.034;fAulAsc32:0.024;fAulAsc106:0.022;fAulAsc9:0.020;fAulAsc55:0.017;fAulAsc8:0.017,C_complete_working_hypothesis,one_observed_parent,1.0,1.0,1.0,False,observed_F2_father_identity_unresolved
fAulAsc287,0,fAulAsc177,False,,False,False,0.41275,1.0,0.9545454545454546,fAulAsc177:0.413;fAulAsc90:0.190;fAulAsc103:0.152;fAulAsc76:0.051;fAulAsc60:0.045;fAulAsc136:0.038;fAulAsc188:0.020;fAulAsc6:0.018;fAulAsc80:0.018;fAulAsc97:0.015,C_complete_working_hypothesis,one_observed_parent,1.0,1.0,1.0,False,observed_F2_father_identity_unresolved
fAulAsc274,fAulAsc106,fAulAsc106,True,Tier_B_additional_identity,False,True,0.5815,1.0,1.0,fAulAsc106:0.582;fAulAsc22:0.143;fAulAsc10:0.061;fAulAsc19:0.053;fAulAsc82:0.049;fAulAsc11:0.036;fAulAsc86:0.034,B_observed_F2_parent,one_observed_parent,1.0,1.0,1.0,False,reported_observed_F2_father
fAulAsc276,0,fAulAsc60,False,,False,False,0.45725,1.0,0.9090909090909092,fAulAsc60:0.457;fAulAsc10:0.227;fAulAsc122:0.083;fAulAsc50:0.054;fAulAsc82:0.051;fAulAsc38:0.040;fAulAsc81:0.029;fAulAsc107:0.020,C_complete_working_hypothesis,one_observed_parent,1.0,1.0,1.0,False,observed_F2_father_identity_unresolved
fAulAsc278,0,fAulAsc10,False,,False,False,0.37,0.1428571428571428,0.9545454545454546,fAulAsc10:0.370;fAulAsc62:0.195;fAulAsc82:0.137;fAulAsc14:0.109;fAulAsc60:0.069;fAulAsc64:0.043;fAulAsc21:0.039,C_complete_working_hypothesis,one_observed_parent,0.94525,1.0,1.0,False,observed_F2_father_identity_unresolved
fAulAsc280,0,fAulAsc79,False,,False,False,0.42325,0.1428571428571428,0.8636363636363636,fAulAsc79:0.423;fAulAsc52:0.318;fAulAsc11:0.134;fAulAsc14:0.030;fAulAsc38:0.026;fAulAsc53:0.025,C_complete_working_hypothesis,one_observed_parent,1.0,1.0,1.0,False,observed_F2_father_identity_unresolved
fAulAsc282,0,fAulAsc122,False,,False,False,0.11325,0.8571428571428571,0.9090909090909092,fAulAsc28:0.209;fAulAsc61:0.190;fAulAsc94:0.155;fAulAsc88:0.141;fAulAsc122:0.113;fAulAsc51:0.043;fAulAsc78:0.038;fAulAsc81:0.022;fAulAsc104:0.019;fAulAsc23:0.018;fAulAsc123:0.015,C_complete_working_hypothesis,one_observed_parent,1.0,1.0,1.0,False,observed_F2_father_identity_unresolved
fAulAsc284,fAulAsc102,fAulAsc102,True,Tier_B_additional_identity,False,True,0.54925,1.0,0.9545454545454546,fAulAsc102:0.549;fAulAsc26:0.191;fAulAsc32:0.136;fAulAsc101:0.080,B_observed_F2_parent,one_observed_parent,1.0,1.0,1.0,False,reported_observed_F2_father
fAulAsc286,0,fAulAsc102,False,,False,False,0.27275,1.0,0.9545454545454546,fAulAsc102:0.273;fAulAsc129:0.204;fAulAsc46:0.175;fAulAsc101:0.130;fAulAsc210:0.099;fAulAsc6:0.024;fAulAsc126:0.023;fAulAsc104:0.020;fAulAsc62:0.016,C_complete_working_hypothesis,one_observed_parent,1.0,1.0,1.0,False,observed_F2_father_identity_unresolved
fAulAsc288,fAulAsc52,fAulAsc52,True,Tier_B_additional_identity,False,True,0.889,1.0,1.0,fAulAsc52:0.889;fAulAsc6:0.034;fAulAsc53:0.032,B_observed_F2_parent,one_observed_parent,1.0,1.0,1.0,False,reported_observed_F2_father
