IndividualID,ProjectEntityID,SequencingSampleID,SantosID,EntityType,MetadataGeneration,PedigreeGeneration,Sex
fTroAst1,2021cicX13178998,2021cicX13178998,X_AcTm_1,sequenced_individual,F2,F2,M
fTroAst9,2021cicX13178999,2021cicX13178999,X_AcTm_2,sequenced_individual,F2,F2,M
fTroAst2,2021cicX13179000,2021cicX13179000,X_AcTm_3,sequenced_individual,F2,F2,M
fTroAst3,2021cicX13179001,2021cicX13179001,X_AcTm_4,sequenced_individual,F2,F2,M
fTroAst4,2021cicX13179002,2021cicX13179002,X_AcTm_5,sequenced_individual,F2,F2,M
fTroAst5,2021cicX13179003,2021cicX13179003,X_AcTm_6,sequenced_individual,F2,F2,M
fTroAst6,2021cicX13179004,2021cicX13179004,X_AcTm_7,sequenced_individual,F2,F2,M
fTroAst7,2021cicX13179005,2021cicX13179005,X_AcTm_8,sequenced_individual,F2,F2,M
fTroAst8,2021cicX13179006,2021cicX13179006,X_AcTm_9,sequenced_individual,F2,F2,M
fTroAst10,2021cicX13179007,2021cicX13179007,X_AcTm_10,sequenced_individual,F2,F2,M
fTroAst13,2021cicX13611474,2021cicX13611474,X_AcTm_11,sequenced_individual,F2,F2,M
fTroAst20,2021cicX13611475,2021cicX13611475,X_AcTm_12,sequenced_individual,F2,F2,M
fTroAst27,2021cicX13611476,2021cicX13611476,X_AcTm_13,sequenced_individual,F2,F2,M
fTroAst33,2021cicX13611477,2021cicX13611477,X_AcTm_14,sequenced_individual,F2,F2,M
fTroAst39,2021cicX13611478,2021cicX13611478,X_AcTm_15,sequenced_individual,F2,F2,M
fTroAst45,2021cicX13611479,2021cicX13611479,X_AcTm_16,sequenced_individual,F2,F2,M
fTroAst51,2021cicX13611480,2021cicX13611480,X_AcTm_17,sequenced_individual,F2,F2,M
fTroAst57,2021cicX13611481,2021cicX13611481,X_AcTm_18,sequenced_individual,F2,F2,M
fTroAst14,2021cicX13611482,2021cicX13611482,X_AcTm_19,sequenced_individual,F2,F2,M
fTroAst21,2021cicX13611483,2021cicX13611483,X_AcTm_20,sequenced_individual,F2,F2,M
fTroAst28,2021cicX13611484,2021cicX13611484,X_AcTm_21,sequenced_individual,F2,F2,M
fTroAst34,2021cicX13611485,2021cicX13611485,X_AcTm_22,sequenced_individual,F2,F2,M
fTroAst40,2021cicX13611486,2021cicX13611486,X_AcTm_23,sequenced_individual,F2,F2,M
fTroAst46,2021cicX13611487,2021cicX13611487,X_AcTm_24,sequenced_individual,F2,F2,M
fTroAst52,2021cicX13611488,2021cicX13611488,X_AcTm_25,sequenced_individual,F2,F2,M
fTroAst58,2021cicX13611489,2021cicX13611489,X_AcTm_26,sequenced_individual,F2,F2,M
fTroAst15,2021cicX13611490,2021cicX13611490,X_AcTm_27,sequenced_individual,F2,F2,M
fTroAst22,2021cicX13611491,2021cicX13611491,X_AcTm_28,sequenced_individual,F2,F2,M
fTroAst29,2021cicX13611492,2021cicX13611492,X_AcTm_29,sequenced_individual,F2,F2,M
fTroAst35,2021cicX13611493,2021cicX13611493,X_AcTm_30,sequenced_individual,F2,F2,M
fTroAst41,2021cicX13611494,2021cicX13611494,X_AcTm_31,sequenced_individual,F2,F2,M
fTroAst47,2021cicX13611495,2021cicX13611495,X_AcTm_32,sequenced_individual,F2,F2,M
fTroAst53,2021cicX13611496,2021cicX13611496,X_AcTm_33,sequenced_individual,F2,F2,M
fTroAst59,2021cicX13611497,2021cicX13611497,X_AcTm_34,sequenced_individual,F2,F2,M
fTroAst16,2021cicX13611498,2021cicX13611498,X_AcTm_35,sequenced_individual,F2,F2,M
fTroAst23,2021cicX13611499,2021cicX13611499,X_AcTm_36,sequenced_individual,F2,F2,M
fTroAst30,2021cicX13611500,2021cicX13611500,X_AcTm_37,sequenced_individual,F2,F2,M
fTroAst36,2021cicX13611501,2021cicX13611501,X_AcTm_38,sequenced_individual,F2,F2,M
fTroAst42,2021cicX13611502,2021cicX13611502,X_AcTm_39,sequenced_individual,F2,F2,M
fTroAst48,2021cicX13611503,2021cicX13611503,X_AcTm_40,sequenced_individual,F2,F2,M
fTroAst54,2021cicX13611504,2021cicX13611504,X_AcTm_41,sequenced_individual,F2,F2,M
fTroAst60,2021cicX13611505,2021cicX13611505,X_AcTm_42,sequenced_individual,F2,F2,M
fTroAst17,2021cicX13611506,2021cicX13611506,X_AcTm_43,sequenced_individual,F2,F2,M
fTroAst24,2021cicX13611507,2021cicX13611507,X_AcTm_44,sequenced_individual,F2,F2,M
fTroAst61,2021cicX13611508,2021cicX13611508,X_AcTm_45,sequenced_individual,F2,F2,M
fTroAst62,2021cicX13611509,2021cicX13611509,X_AcTm_46,sequenced_individual,F2,F2,M
fTroAst63,2021cicX14537282,2021cicX14537282,X_AcTm_47,sequenced_individual,F2,F2,M
fTroAst65,2021cicX14537283,2021cicX14537283,X_AcTm_48,sequenced_individual,F2,F2,M
fTroAst67,2021cicX14537284,2021cicX14537284,X_AcTm_49,sequenced_individual,F2,F2,M
fTroAst68,2021cicX14537285,2021cicX14537285,X_AcTm_50,sequenced_individual,F2,F2,M
fTroAst69,2021cicX14537286,2021cicX14537286,X_AcTm_51,sequenced_individual,F2,F2,M
fTroAst70,2021cicX14537287,2021cicX14537287,X_AcTm_52,sequenced_individual,F2,F2,M
fTroAst71,2021cicX14537288,2021cicX14537288,X_AcTm_53,sequenced_individual,F2,F2,M
fTroAst72,2021cicX14537289,2021cicX14537289,X_AcTm_54,sequenced_individual,F2,F2,M
fTroAst64,2021cicX14537290,2021cicX14537290,X_AcTm_55,sequenced_individual,F2,F2,M
fTroAst66,2021cicX14537291,2021cicX14537291,X_AcTm_56,sequenced_individual,F2,F2,M
fTroAst75,2021cicX14537292,2021cicX14537292,X_AcTm_57,sequenced_individual,F2,F2,M
fTroAst77,2021cicX14537293,2021cicX14537293,X_AcTm_58,sequenced_individual,F2,F2,M
fTroAst79,2021cicX14537294,2021cicX14537294,X_AcTm_59,sequenced_individual,F2,F2,M
fTroAst80,2021cicX14537295,2021cicX14537295,X_AcTm_60,sequenced_individual,F2,F2,M
fTroAst81,2021cicX14537296,2021cicX14537296,X_AcTm_61,sequenced_individual,F2,F2,M
fTroAst82,2021cicX14537297,2021cicX14537297,X_AcTm_62,sequenced_individual,F2,F2,M
fTroAst73,2021cicX14537298,2021cicX14537298,X_AcTm_63,sequenced_individual,F2,F2,M
fTroAst74,2021cicX14537299,2021cicX14537299,X_AcTm_64,sequenced_individual,F2,F2,M
fTroAst76,2021cicX14537300,2021cicX14537300,X_AcTm_65,sequenced_individual,F2,F2,M
fTroAst78,2021cicX14537301,2021cicX14537301,X_AcTm_66,sequenced_individual,F2,F2,M
fTroAst87,2021cicX14537302,2021cicX14537302,X_AcTm_67,sequenced_individual,F2,F2,M
fTroAst89,2021cicX14537303,2021cicX14537303,X_AcTm_68,sequenced_individual,F2,F2,M
fTroAst91,2021cicX14537304,2021cicX14537304,X_AcTm_69,sequenced_individual,F2,F2,M
fTroAst92,2021cicX14537305,2021cicX14537305,X_AcTm_70,sequenced_individual,F2,F2,M
fTroAst83,2021cicX14537306,2021cicX14537306,X_AcTm_71,sequenced_individual,F2,F2,M
fTroAst84,2021cicX14537307,2021cicX14537307,X_AcTm_72,sequenced_individual,F2,F2,M
fTroAst85,2021cicX14537308,2021cicX14537308,X_AcTm_73,sequenced_individual,F2,F2,M
fTroAst86,2021cicX14537309,2021cicX14537309,X_AcTm_74,sequenced_individual,F2,F2,M
fTroAst88,2021cicX14537310,2021cicX14537310,X_AcTm_75,sequenced_individual,F2,F2,M
fTroAst90,2021cicX14537311,2021cicX14537311,X_AcTm_76,sequenced_individual,F2,F2,M
fTroAst99,2021cicX14537312,2021cicX14537312,X_AcTm_77,sequenced_individual,F2,F2,M
fTroAst101,2021cicX14537313,2021cicX14537313,X_AcTm_78,sequenced_individual,F2,F2,M
fTroAst93,2021cicX14537314,2021cicX14537314,X_AcTm_79,sequenced_individual,F2,F2,M
fTroAst94,2021cicX14537315,2021cicX14537315,X_AcTm_80,sequenced_individual,F2,F2,M
fTroAst95,2021cicX14537316,2021cicX14537316,X_AcTm_81,sequenced_individual,F2,F2,M
fTroAst96,2021cicX14537317,2021cicX14537317,X_AcTm_82,sequenced_individual,F2,F2,M
fTroAst97,2021cicX14537318,2021cicX14537318,X_AcTm_83,sequenced_individual,F2,F2,M
fTroAst98,2021cicX14537319,2021cicX14537319,X_AcTm_84,sequenced_individual,F2,F2,M
fTroAst100,2021cicX14537320,2021cicX14537320,X_AcTm_85,sequenced_individual,F2,F2,M
fTroAst102,2021cicX14537321,2021cicX14537321,X_AcTm_86,sequenced_individual,F2,F2,M
fTroAst103,2021cicX14537322,2021cicX14537322,X_AcTm_87,sequenced_individual,F2,F2,M
fTroAst105,2021cicX14537323,2021cicX14537323,X_AcTm_88,sequenced_individual,F2,F2,M
fTroAst107,2021cicX14537324,2021cicX14537324,X_AcTm_89,sequenced_individual,F2,F2,M
fTroAst108,2021cicX14537325,2021cicX14537325,X_AcTm_90,sequenced_individual,F2,F2,M
fTroAst109,2021cicX14537326,2021cicX14537326,X_AcTm_91,sequenced_individual,F2,F2,M
fTroAst110,2021cicX14537327,2021cicX14537327,X_AcTm_92,sequenced_individual,F2,F2,M
fTroAst111,2021cicX14537328,2021cicX14537328,X_AcTm_93,sequenced_individual,F2,F2,M
fTroAst112,2021cicX14537329,2021cicX14537329,X_AcTm_94,sequenced_individual,F2,F2,M
fTroAst104,2021cicX14537330,2021cicX14537330,X_AcTm_95,sequenced_individual,F2,F2,M
fTroAst106,2021cicX14537331,2021cicX14537331,X_AcTm_96,sequenced_individual,F2,F2,M
fTroAst11,2021cicX13611458,2021cicX13611458,,sequenced_individual,F1,F1,M
fTroAst18,2021cicX13611459,2021cicX13611459,,sequenced_individual,F1,F1,M
fTroAst25,2021cicX13611460,2021cicX13611460,,sequenced_individual,F1,F1,M
fTroAst31,2021cicX13611461,2021cicX13611461,,sequenced_individual,F1,F1,M
fTroAst37,2021cicX13611462,2021cicX13611462,,sequenced_individual,F1,F1,M
fTroAst43,2021cicX13611463,2021cicX13611463,,sequenced_individual,F1,F1,M
fTroAst49,2021cicX13611464,2021cicX13611464,,sequenced_individual,F1,F1,M
fTroAst55,2021cicX13611465,2021cicX13611465,,sequenced_individual,F1,F1,M
fTroAst12,2021cicX13611466,2021cicX13611466,,sequenced_individual,F1,F1,F
fTroAst19,2021cicX13611467,2021cicX13611467,,sequenced_individual,F1,F1,F
fTroAst26,2021cicX13611468,2021cicX13611468,,sequenced_individual,F1,F1,F
fTroAst32,2021cicX13611469,2021cicX13611469,,sequenced_individual,F1,F1,F
fTroAst38,2021cicX13611470,2021cicX13611470,,sequenced_individual,F1,F1,F
fTroAst44,2021cicX13611471,2021cicX13611471,,sequenced_individual,F1,F1,F
fTroAst50,2021cicX13611472,2021cicX13611472,,sequenced_individual,F1,F1,F
fTroAst56,2021cicX13611473,2021cicX13611473,,sequenced_individual,F1,F1,F
fAstCal29,2021cicX11218977,2021cicX11218977,,sequenced_individual,G0,G0,F
fAstCal30,2021cicX11218978,2021cicX11218978,,sequenced_individual,G0,G0,F
fAstCal31,2021cicX11218979,2021cicX11218979,,sequenced_individual,G0,G0,F
fTroMau1,2021cicX11218980,2021cicX11218980,,sequenced_individual,G0,G0,M
