child_alias,retained_mother_alias,father_alias,father_index,mother_index,pair_index,conditional_rank,conditional_primary_mean_utility,utility_below_conditional_top,conditional_bootstrap_selection_fraction,conditional_variant_MAP_count,conditional_variant_fraction,conditional_leave_one_chromosome_MAP_count,conditional_leave_one_chromosome_fraction,individual_chromosome_win_count,global_pair_primary_rank,global_pair_bootstrap_selection_fraction,raw_primary_linked_HMM_total_log_score,raw_log_score_below_conditional_top,expected_father_transmission_switches,expected_mother_transmission_switches,viterbi_father_transmission_switches,viterbi_mother_transmission_switches,chosen_for_forced_completion,meets_relaxed_conditional_identity_rule,support_scope
fTroAst39,fTroAst12,fTroAst49,102,104,48,1,0.7094005770423704,0.0,0.553,6,0.8571428571428571,19,0.8636363636363636,2,1,0.381,-26582.643747464306,0.0,76.64455766475206,62.25672230857104,64,58,True,True,conditional_on_retained_mother_and_assuming_an_observed_F1_father
fTroAst39,fTroAst12,fTroAst18,97,104,8,2,0.6933052994106172,0.016095277631753113,0.3885,1,0.14285714285714285,3,0.13636363636363635,7,2,0.2835,-26767.078156053638,184.43440858933172,55.32591871237226,52.27323208069578,47,51,False,False,conditional_on_retained_mother_and_assuming_an_observed_F1_father
fTroAst39,fTroAst12,fTroAst55,103,104,56,3,0.6427585653082173,0.06664201173415307,0.017,0,0.0,0,0.0,2,5,0.012,-27557.36710384444,974.7233563801346,82.30730244095513,68.78923925061588,70,62,False,False,conditional_on_retained_mother_and_assuming_an_observed_F1_father
fTroAst39,fTroAst12,fTroAst25,98,104,16,4,0.6412421646614138,0.06815841238095655,0.023,0,0.0,0,0.0,2,6,0.0125,-27790.700733731515,1208.0569862672091,50.78310635728721,59.6954122049878,45,57,False,False,conditional_on_retained_mother_and_assuming_an_observed_F1_father
fTroAst39,fTroAst12,fTroAst31,99,104,24,5,0.6094240487621608,0.09997652828020953,0.0035,0,0.0,0,0.0,2,9,0.0035,-28839.349927789568,2256.706180325262,81.81207713310417,66.75211761480534,62,60,False,False,conditional_on_retained_mother_and_assuming_an_observed_F1_father
fTroAst39,fTroAst12,fTroAst43,101,104,40,6,0.6080683921316103,0.10133218491076001,0.0065,0,0.0,0,0.0,2,10,0.005,-28992.800361885515,2410.1566144212084,69.59237716802727,61.76194697958631,61,59,False,False,conditional_on_retained_mother_and_assuming_an_observed_F1_father
fTroAst39,fTroAst12,fTroAst11,96,104,0,7,0.6038024391945354,0.105598137847835,0.0085,0,0.0,0,0.0,3,13,0.0045,-28550.040779074465,1967.3970316101586,48.08023863222234,54.51613204312781,40,54,False,False,conditional_on_retained_mother_and_assuming_an_observed_F1_father
fTroAst39,fTroAst12,fTroAst37,100,104,32,8,0.5478656663161156,0.1615349107262548,0.0,0,0.0,0,0.0,2,16,0.0,-29383.960066072224,2801.316318607918,83.77823617255878,61.57633573067641,73,60,False,False,conditional_on_retained_mother_and_assuming_an_observed_F1_father
fTroAst57,fTroAst56,fTroAst11,96,111,7,1,0.6485663208155871,0.0,0.591,6,0.8571428571428571,19,0.8636363636363636,6,2,0.131,-32501.092839847985,0.0,78.57138375008338,57.07950465077819,67,44,True,True,conditional_on_retained_mother_and_assuming_an_observed_F1_father
fTroAst57,fTroAst56,fTroAst25,98,111,23,2,0.6401507200505143,0.00841560076507275,0.3935,1,0.14285714285714285,3,0.13636363636363635,4,4,0.1405,-32794.59487359845,293.50203375046476,62.27872413174113,57.47740118582164,52,45,False,False,conditional_on_retained_mother_and_assuming_an_observed_F1_father
fTroAst57,fTroAst56,fTroAst55,103,111,63,3,0.5352123270821368,0.11335399373345023,0.006,0,0.0,0,0.0,1,14,0.0,-34735.10541806527,2234.0125782172872,62.82791213294701,53.054690812824624,56,43,False,False,conditional_on_retained_mother_and_assuming_an_observed_F1_father
fTroAst57,fTroAst56,fTroAst18,97,111,15,4,0.5316714360398616,0.11689488477572552,0.0,0,0.0,0,0.0,3,15,0.0,-34881.886590291186,2380.793750443201,84.94669077129338,67.26934830575091,71,55,False,False,conditional_on_retained_mother_and_assuming_an_observed_F1_father
fTroAst57,fTroAst56,fTroAst43,101,111,47,5,0.5233612358777028,0.1252050849378843,0.008,0,0.0,0,0.0,2,16,0.0055,-33905.953028322976,1404.8601884749914,73.49856602100708,59.297902872952356,58,40,False,False,conditional_on_retained_mother_and_assuming_an_observed_F1_father
fTroAst57,fTroAst56,fTroAst31,99,111,31,6,0.5141434068909856,0.13442291392460148,0.001,0,0.0,0,0.0,1,18,0.0,-33771.197023053224,1270.1041832052397,62.20756846321662,61.68863408076349,50,50,False,False,conditional_on_retained_mother_and_assuming_an_observed_F1_father
fTroAst57,fTroAst56,fTroAst37,100,111,39,7,0.4840505325867756,0.16451578822881147,0.0005,0,0.0,0,0.0,3,24,0.0,-34839.215980103894,2338.1231402559097,60.88076133389242,62.21313035337147,52,51,False,False,conditional_on_retained_mother_and_assuming_an_observed_F1_father
fTroAst57,fTroAst56,fTroAst49,102,111,55,8,0.4685857540360972,0.17998056677948987,0.0,0,0.0,0,0.0,2,30,0.0,-36096.25564088728,3595.1628010392924,81.97776565912673,86.25418958589968,66,70,False,False,conditional_on_retained_mother_and_assuming_an_observed_F1_father
fTroAst58,fTroAst26,fTroAst25,98,106,18,1,0.7129976685179877,0.0,0.564,7,1.0,20,0.9090909090909091,4,1,0.5560000000000002,-32250.02407214785,0.0,59.99235152801596,48.188011113368646,52,42,True,True,conditional_on_retained_mother_and_assuming_an_observed_F1_father
fTroAst58,fTroAst26,fTroAst11,96,106,2,2,0.6915864033519944,0.021411265165993343,0.2725,0,0.0,2,0.09090909090909091,6,2,0.2700000000000001,-32478.11436859124,228.09029644338807,67.01621815214493,50.9687492119177,55,47,False,False,conditional_on_retained_mother_and_assuming_an_observed_F1_father
fTroAst58,fTroAst26,fTroAst18,97,106,10,3,0.6595430712558316,0.05345459726215618,0.145,0,0.0,0,0.0,4,3,0.1445,-33597.40865165844,1347.3845795105917,75.20265984614772,58.33169530436307,65,52,False,False,conditional_on_retained_mother_and_assuming_an_observed_F1_father
fTroAst58,fTroAst26,fTroAst55,103,106,58,4,0.6139738150420118,0.09902385347597598,0.0025,0,0.0,0,0.0,1,4,0.0025,-35210.10457230585,2960.0805001579974,81.85116125279492,56.494674230269815,60,47,False,False,conditional_on_retained_mother_and_assuming_an_observed_F1_father
fTroAst58,fTroAst26,fTroAst49,102,106,50,5,0.6068297853813219,0.10616788313666581,0.012,0,0.0,0,0.0,0,5,0.0115,-35854.18290664843,3604.1588345005766,85.76642811365613,54.881646877671706,69,44,False,False,conditional_on_retained_mother_and_assuming_an_observed_F1_father
fTroAst58,fTroAst26,fTroAst31,99,106,26,6,0.5862969848924418,0.12670068362554598,0.003,0,0.0,0,0.0,3,7,0.003,-35144.50547590527,2894.4814037574215,85.9139129717456,64.3313988333123,77,55,False,False,conditional_on_retained_mother_and_assuming_an_observed_F1_father
fTroAst58,fTroAst26,fTroAst43,101,106,42,7,0.555243328306486,0.1577543402115017,0.001,0,0.0,0,0.0,2,11,0.001,-36101.01529274008,3850.9912205922265,77.82710957558474,62.07111688357912,66,51,False,False,conditional_on_retained_mother_and_assuming_an_observed_F1_father
fTroAst58,fTroAst26,fTroAst37,100,106,34,8,0.37684293621056125,0.3361547323074265,0.0,0,0.0,0,0.0,2,50,0.0,-39607.13579550095,7357.1117233531,74.37244160323475,41.933470249258,53,34,False,False,conditional_on_retained_mother_and_assuming_an_observed_F1_father
