FID,IID,PAT,MAT,SEX,PHENOTYPE
AstCal_AulStu,LATENT_G0_SHARED,0,0,0,-9
AstCal_AulStu,LATENT_G0_B1_SPECIFIC,0,0,0,-9
AstCal_AulStu,LATENT_G0_B2_SPECIFIC,0,0,0,-9
AstCal_AulStu,fAulAsc1,fAulAsc151,fAulAsc153,1,-9
AstCal_AulStu,fAulAsc2,fAulAsc157,fAulAsc154,1,-9
AstCal_AulStu,fAulAsc3,fAulAsc157,fAulAsc154,1,-9
AstCal_AulStu,fAulAsc4,fAulAsc157,fAulAsc153,1,-9
AstCal_AulStu,fAulAsc5,fAulAsc158,fAulAsc154,1,-9
AstCal_AulStu,fAulAsc6,fAulAsc158,fAulAsc154,1,-9
AstCal_AulStu,fAulAsc7,fAulAsc158,fAulAsc153,1,-9
AstCal_AulStu,fAulAsc8,fAulAsc158,fAulAsc154,1,-9
AstCal_AulStu,fAulAsc9,fAulAsc151,fAulAsc154,1,-9
AstCal_AulStu,fAulAsc10,fAulAsc151,fAulAsc154,1,-9
AstCal_AulStu,fAulAsc11,fAulAsc158,fAulAsc154,1,-9
AstCal_AulStu,fAulAsc12,fAulAsc151,fAulAsc154,1,-9
AstCal_AulStu,fAulAsc13,fAulAsc151,fAulAsc153,1,-9
AstCal_AulStu,fAulAsc14,fAulAsc151,fAulAsc153,1,-9
AstCal_AulStu,fAulAsc15,fAulAsc157,fAulAsc154,1,-9
AstCal_AulStu,fAulAsc16,fAulAsc158,fAulAsc154,1,-9
AstCal_AulStu,fAulAsc17,fAulAsc157,fAulAsc154,1,-9
AstCal_AulStu,fAulAsc18,fAulAsc158,fAulAsc154,1,-9
AstCal_AulStu,fAulAsc19,fAulAsc157,fAulAsc154,1,-9
AstCal_AulStu,fAulAsc20,fAulAsc157,fAulAsc154,1,-9
AstCal_AulStu,fAulAsc21,fAulAsc151,fAulAsc154,1,-9
AstCal_AulStu,fAulAsc22,fAulAsc158,fAulAsc154,1,-9
AstCal_AulStu,fAulAsc23,fAulAsc151,fAulAsc154,1,-9
AstCal_AulStu,fAulAsc24,fAulAsc151,fAulAsc153,1,-9
AstCal_AulStu,fAulAsc25,fAulAsc158,fAulAsc153,1,-9
AstCal_AulStu,fAulAsc26,fAulAsc158,fAulAsc153,1,-9
AstCal_AulStu,fAulAsc27,fAulAsc157,fAulAsc154,1,-9
AstCal_AulStu,fAulAsc28,fAulAsc151,fAulAsc153,1,-9
AstCal_AulStu,fAulAsc29,fAulAsc150,fAulAsc154,1,-9
AstCal_AulStu,fAulAsc30,fAulAsc158,fAulAsc154,1,-9
AstCal_AulStu,fAulAsc31,fAulAsc157,fAulAsc153,1,-9
AstCal_AulStu,fAulAsc32,fAulAsc157,fAulAsc154,1,-9
AstCal_AulStu,fAulAsc33,fAulAsc157,fAulAsc154,1,-9
AstCal_AulStu,fAulAsc34,fAulAsc151,fAulAsc153,1,-9
AstCal_AulStu,fAulAsc35,fAulAsc158,fAulAsc153,1,-9
AstCal_AulStu,fAulAsc36,fAulAsc157,fAulAsc153,1,-9
AstCal_AulStu,fAulAsc37,fAulAsc157,fAulAsc154,1,-9
AstCal_AulStu,fAulAsc38,fAulAsc151,fAulAsc153,1,-9
AstCal_AulStu,fAulAsc39,fAulAsc158,fAulAsc154,1,-9
AstCal_AulStu,fAulAsc40,fAulAsc157,fAulAsc154,1,-9
AstCal_AulStu,fAulAsc41,fAulAsc158,fAulAsc153,1,-9
AstCal_AulStu,fAulAsc42,fAulAsc157,fAulAsc154,1,-9
AstCal_AulStu,fAulAsc43,fAulAsc157,fAulAsc153,1,-9
AstCal_AulStu,fAulAsc44,fAulAsc158,fAulAsc154,1,-9
AstCal_AulStu,fAulAsc45,fAulAsc151,fAulAsc153,1,-9
AstCal_AulStu,fAulAsc46,fAulAsc158,fAulAsc154,1,-9
AstCal_AulStu,fAulAsc47,fAulAsc158,fAulAsc154,1,-9
AstCal_AulStu,fAulAsc48,fAulAsc158,fAulAsc154,1,-9
AstCal_AulStu,fAulAsc49,fAulAsc151,fAulAsc153,1,-9
AstCal_AulStu,fAulAsc50,fAulAsc158,fAulAsc154,1,-9
AstCal_AulStu,fAulAsc51,fAulAsc157,fAulAsc154,1,-9
AstCal_AulStu,fAulAsc52,fAulAsc157,fAulAsc153,1,-9
AstCal_AulStu,fAulAsc53,fAulAsc157,fAulAsc153,1,-9
AstCal_AulStu,fAulAsc54,fAulAsc151,fAulAsc154,1,-9
AstCal_AulStu,fAulAsc55,fAulAsc158,fAulAsc153,1,-9
AstCal_AulStu,fAulAsc56,fAulAsc151,fAulAsc153,1,-9
AstCal_AulStu,fAulAsc57,fAulAsc158,fAulAsc153,1,-9
AstCal_AulStu,fAulAsc58,fAulAsc157,fAulAsc154,1,-9
AstCal_AulStu,fAulAsc59,fAulAsc151,fAulAsc154,1,-9
AstCal_AulStu,fAulAsc60,fAulAsc158,fAulAsc154,1,-9
AstCal_AulStu,fAulAsc61,fAulAsc150,fAulAsc154,1,-9
AstCal_AulStu,fAulAsc62,fAulAsc158,fAulAsc153,1,-9
AstCal_AulStu,fAulAsc63,0,0,1,-9
AstCal_AulStu,fAulAsc64,fAulAsc151,fAulAsc154,1,-9
AstCal_AulStu,fAulAsc65,fAulAsc106,0,1,-9
AstCal_AulStu,fAulAsc66,fAulAsc19,0,1,-9
AstCal_AulStu,fAulAsc67,fAulAsc15,0,1,-9
AstCal_AulStu,fAulAsc68,fAulAsc32,0,1,-9
AstCal_AulStu,fAulAsc69,fAulAsc38,0,1,-9
AstCal_AulStu,fAulAsc70,fAulAsc38,0,1,-9
AstCal_AulStu,fAulAsc71,fAulAsc151,fAulAsc153,1,-9
AstCal_AulStu,fAulAsc72,fAulAsc157,fAulAsc154,1,-9
AstCal_AulStu,fAulAsc73,fAulAsc158,fAulAsc154,1,-9
AstCal_AulStu,fAulAsc74,fAulAsc151,fAulAsc153,1,-9
AstCal_AulStu,fAulAsc75,fAulAsc158,fAulAsc154,1,-9
AstCal_AulStu,fAulAsc76,fAulAsc158,fAulAsc153,1,-9
AstCal_AulStu,fAulAsc77,fAulAsc158,fAulAsc154,1,-9
AstCal_AulStu,fAulAsc78,fAulAsc150,fAulAsc154,1,-9
AstCal_AulStu,fAulAsc79,fAulAsc150,fAulAsc154,1,-9
AstCal_AulStu,fAulAsc80,fAulAsc157,fAulAsc154,1,-9
AstCal_AulStu,fAulAsc81,fAulAsc150,fAulAsc153,1,-9
AstCal_AulStu,fAulAsc82,fAulAsc151,fAulAsc154,1,-9
AstCal_AulStu,fAulAsc83,fAulAsc158,fAulAsc153,1,-9
AstCal_AulStu,fAulAsc84,fAulAsc158,fAulAsc154,1,-9
AstCal_AulStu,fAulAsc85,fAulAsc150,fAulAsc154,1,-9
AstCal_AulStu,fAulAsc86,fAulAsc150,fAulAsc154,1,-9
AstCal_AulStu,fAulAsc87,fAulAsc158,fAulAsc154,1,-9
AstCal_AulStu,fAulAsc88,fAulAsc158,fAulAsc154,1,-9
AstCal_AulStu,fAulAsc89,fAulAsc158,fAulAsc154,1,-9
AstCal_AulStu,fAulAsc90,fAulAsc158,fAulAsc154,1,-9
AstCal_AulStu,fAulAsc91,fAulAsc150,fAulAsc154,1,-9
AstCal_AulStu,fAulAsc92,fAulAsc158,fAulAsc153,1,-9
AstCal_AulStu,fAulAsc93,fAulAsc158,fAulAsc154,1,-9
AstCal_AulStu,fAulAsc94,fAulAsc150,fAulAsc154,1,-9
AstCal_AulStu,fAulAsc95,fAulAsc157,fAulAsc154,1,-9
AstCal_AulStu,fAulAsc96,fAulAsc157,fAulAsc153,1,-9
AstCal_AulStu,fAulAsc97,fAulAsc157,fAulAsc154,1,-9
AstCal_AulStu,fAulAsc98,fAulAsc158,fAulAsc154,1,-9
AstCal_AulStu,fAulAsc99,fAulAsc151,fAulAsc154,1,-9
AstCal_AulStu,fAulAsc100,fAulAsc157,fAulAsc154,1,-9
AstCal_AulStu,fAulAsc101,fAulAsc157,fAulAsc154,1,-9
AstCal_AulStu,fAulAsc102,fAulAsc158,fAulAsc154,1,-9
AstCal_AulStu,fAulAsc103,fAulAsc157,fAulAsc154,1,-9
AstCal_AulStu,fAulAsc104,fAulAsc157,fAulAsc154,1,-9
AstCal_AulStu,fAulAsc105,fAulAsc158,fAulAsc153,1,-9
AstCal_AulStu,fAulAsc106,fAulAsc157,fAulAsc154,1,-9
AstCal_AulStu,fAulAsc107,fAulAsc150,fAulAsc153,1,-9
AstCal_AulStu,fAulAsc108,fAulAsc158,fAulAsc154,1,-9
AstCal_AulStu,fAulAsc109,fAulAsc38,0,1,-9
AstCal_AulStu,fAulAsc110,fAulAsc38,0,1,-9
AstCal_AulStu,fAulAsc111,fAulAsc19,0,1,-9
AstCal_AulStu,fAulAsc112,fAulAsc19,0,1,-9
AstCal_AulStu,fAulAsc113,fAulAsc32,0,1,-9
AstCal_AulStu,fAulAsc114,fAulAsc38,0,1,-9
AstCal_AulStu,fAulAsc115,fAulAsc32,0,1,-9
AstCal_AulStu,fAulAsc116,fAulAsc38,0,1,-9
AstCal_AulStu,fAulAsc117,fAulAsc38,0,1,-9
AstCal_AulStu,fAulAsc118,fAulAsc32,0,1,-9
AstCal_AulStu,fAulAsc119,fAulAsc25,0,1,-9
AstCal_AulStu,fAulAsc120,fAulAsc38,0,1,-9
AstCal_AulStu,fAulAsc121,fAulAsc38,0,1,-9
AstCal_AulStu,fAulAsc122,fAulAsc157,fAulAsc154,1,-9
AstCal_AulStu,fAulAsc123,fAulAsc150,fAulAsc154,1,-9
AstCal_AulStu,fAulAsc124,fAulAsc158,fAulAsc154,1,-9
AstCal_AulStu,fAulAsc125,fAulAsc157,fAulAsc154,1,-9
AstCal_AulStu,fAulAsc126,fAulAsc158,fAulAsc154,1,-9
AstCal_AulStu,fAulAsc127,fAulAsc158,fAulAsc153,1,-9
AstCal_AulStu,fAulAsc128,fAulAsc150,fAulAsc154,1,-9
AstCal_AulStu,fAulAsc129,fAulAsc158,fAulAsc154,1,-9
AstCal_AulStu,fAulAsc130,fAulAsc158,fAulAsc153,1,-9
AstCal_AulStu,fAulAsc131,fAulAsc158,fAulAsc153,1,-9
AstCal_AulStu,fAulAsc132,fAulAsc158,fAulAsc154,1,-9
AstCal_AulStu,fAulAsc133,fAulAsc150,fAulAsc154,1,-9
AstCal_AulStu,fAulAsc134,fAulAsc158,fAulAsc154,1,-9
AstCal_AulStu,fAulAsc135,fAulAsc158,fAulAsc154,1,-9
AstCal_AulStu,fAulAsc136,fAulAsc157,fAulAsc154,1,-9
AstCal_AulStu,fAulAsc137,fAulAsc158,fAulAsc154,1,-9
AstCal_AulStu,fAulAsc138,fAulAsc157,fAulAsc154,1,-9
AstCal_AulStu,fAulAsc139,fAulAsc158,fAulAsc154,1,-9
AstCal_AulStu,fAulAsc140,fAulAsc158,fAulAsc154,1,-9
AstCal_AulStu,fAulAsc141,fAulAsc150,fAulAsc153,1,-9
AstCal_AulStu,fAulAsc142,fAulAsc158,fAulAsc153,1,-9
AstCal_AulStu,fAulAsc143,fAulAsc23,0,1,-9
AstCal_AulStu,fAulAsc144,fAulAsc32,0,1,-9
AstCal_AulStu,fAulAsc145,fAulAsc38,0,1,-9
AstCal_AulStu,fAulAsc146,fAulAsc38,0,1,-9
AstCal_AulStu,fAulAsc147,fAulAsc150,fAulAsc153,1,-9
AstCal_AulStu,fAulAsc148,fAulAsc150,fAulAsc153,1,-9
AstCal_AulStu,fAulAsc149,fAulAsc150,fAulAsc154,1,-9
AstCal_AulStu,fAulAsc150,LATENT_G0_SHARED,LATENT_G0_B2_SPECIFIC,1,-9
AstCal_AulStu,fAulAsc151,LATENT_G0_SHARED,LATENT_G0_B2_SPECIFIC,1,-9
AstCal_AulStu,fAulAsc152,LATENT_G0_SHARED,LATENT_G0_B2_SPECIFIC,1,-9
AstCal_AulStu,fAulAsc153,LATENT_G0_SHARED,LATENT_G0_B2_SPECIFIC,2,-9
AstCal_AulStu,fAulAsc154,LATENT_G0_SHARED,LATENT_G0_B2_SPECIFIC,2,-9
AstCal_AulStu,fAulAsc155,LATENT_G0_SHARED,LATENT_G0_B2_SPECIFIC,1,-9
AstCal_AulStu,fAulAsc156,LATENT_G0_SHARED,LATENT_G0_B2_SPECIFIC,1,-9
AstCal_AulStu,fAulAsc157,LATENT_G0_SHARED,LATENT_G0_B1_SPECIFIC,1,-9
AstCal_AulStu,fAulAsc158,LATENT_G0_SHARED,LATENT_G0_B1_SPECIFIC,1,-9
AstCal_AulStu,fAstCal32,0,0,1,-9
AstCal_AulStu,fAstCal33,0,0,2,-9
AstCal_AulStu,fAulAsc159,fAulAsc52,0,1,-9
AstCal_AulStu,fAulAsc170,fAulAsc106,0,1,-9
AstCal_AulStu,fAulAsc181,fAulAsc52,0,1,-9
AstCal_AulStu,fAulAsc192,fAulAsc9,0,1,-9
AstCal_AulStu,fAulAsc203,fAulAsc78,0,1,-9
AstCal_AulStu,fAulAsc214,fAulAsc78,0,1,-9
AstCal_AulStu,fAulAsc225,fAulAsc32,0,1,-9
AstCal_AulStu,fAulAsc235,fAulAsc38,0,1,-9
AstCal_AulStu,fAulAsc162,fAulAsc106,0,1,-9
AstCal_AulStu,fAulAsc173,fAulAsc37,0,1,-9
AstCal_AulStu,fAulAsc184,fAulAsc106,0,1,-9
AstCal_AulStu,fAulAsc195,fAulAsc34,0,1,-9
AstCal_AulStu,fAulAsc206,fAulAsc52,0,1,-9
AstCal_AulStu,fAulAsc217,fAulAsc103,0,1,-9
AstCal_AulStu,fAulAsc227,fAulAsc106,0,1,-9
AstCal_AulStu,fAulAsc237,fAulAsc97,0,1,-9
AstCal_AulStu,fAulAsc163,fAulAsc52,0,1,-9
AstCal_AulStu,fAulAsc174,fAulAsc78,0,1,-9
AstCal_AulStu,fAulAsc185,fAulAsc128,0,1,-9
AstCal_AulStu,fAulAsc196,fAulAsc18,0,1,-9
AstCal_AulStu,fAulAsc207,fAulAsc52,0,1,-9
AstCal_AulStu,fAulAsc218,fAulAsc106,0,1,-9
AstCal_AulStu,fAulAsc228,fAulAsc128,0,1,-9
AstCal_AulStu,fAulAsc238,fAulAsc52,0,1,-9
AstCal_AulStu,fAulAsc164,fAulAsc78,0,1,-9
AstCal_AulStu,fAulAsc175,fAulAsc122,0,1,-9
AstCal_AulStu,fAulAsc186,fAulAsc6,0,1,-9
AstCal_AulStu,fAulAsc197,fAulAsc52,0,1,-9
AstCal_AulStu,fAulAsc208,fAulAsc78,0,1,-9
AstCal_AulStu,fAulAsc219,fAulAsc52,0,1,-9
AstCal_AulStu,fAulAsc229,fAulAsc78,0,1,-9
AstCal_AulStu,fAulAsc239,fAulAsc38,0,1,-9
AstCal_AulStu,fAulAsc165,fAulAsc78,0,1,-9
AstCal_AulStu,fAulAsc176,fAulAsc106,0,1,-9
AstCal_AulStu,fAulAsc187,fAulAsc71,0,1,-9
AstCal_AulStu,fAulAsc198,fAulAsc78,0,1,-9
AstCal_AulStu,fAulAsc209,fAulAsc38,0,1,-9
AstCal_AulStu,fAulAsc220,fAulAsc81,0,1,-9
AstCal_AulStu,fAulAsc230,fAulAsc13,0,1,-9
AstCal_AulStu,fAulAsc240,fAulAsc106,0,1,-9
AstCal_AulStu,fAulAsc166,fAulAsc97,0,1,-9
AstCal_AulStu,fAulAsc177,fAulAsc157,fAulAsc154,1,-9
AstCal_AulStu,fAulAsc188,fAulAsc158,fAulAsc153,1,-9
AstCal_AulStu,fAulAsc199,fAulAsc157,fAulAsc153,1,-9
AstCal_AulStu,fAulAsc210,fAulAsc158,fAulAsc154,1,-9
AstCal_AulStu,fAulAsc221,fAulAsc106,0,1,-9
AstCal_AulStu,fAulAsc231,fAulAsc78,0,1,-9
AstCal_AulStu,fAulAsc241,fAulAsc102,0,1,-9
AstCal_AulStu,fAulAsc167,fAulAsc106,0,1,-9
AstCal_AulStu,fAulAsc178,fAulAsc58,0,1,-9
AstCal_AulStu,fAulAsc189,fAulAsc52,0,1,-9
AstCal_AulStu,fAulAsc200,fAulAsc52,0,1,-9
AstCal_AulStu,fAulAsc211,fAulAsc17,0,1,-9
AstCal_AulStu,fAulAsc222,fAulAsc21,0,1,-9
AstCal_AulStu,fAulAsc232,fAulAsc10,0,1,-9
AstCal_AulStu,fAulAsc242,fAulAsc52,0,1,-9
AstCal_AulStu,fAulAsc168,fAulAsc60,0,1,-9
AstCal_AulStu,fAulAsc179,fAulAsc64,0,1,-9
AstCal_AulStu,fAulAsc190,fAulAsc128,0,1,-9
AstCal_AulStu,fAulAsc201,fAulAsc71,0,1,-9
AstCal_AulStu,fAulAsc212,fAulAsc52,0,1,-9
AstCal_AulStu,fAulAsc223,fAulAsc85,0,1,-9
AstCal_AulStu,fAulAsc233,fAulAsc6,0,1,-9
AstCal_AulStu,fAulAsc243,fAulAsc106,0,1,-9
AstCal_AulStu,fAulAsc169,fAulAsc52,0,1,-9
AstCal_AulStu,fAulAsc180,fAulAsc60,0,1,-9
AstCal_AulStu,fAulAsc191,fAulAsc60,0,1,-9
AstCal_AulStu,fAulAsc202,fAulAsc78,0,1,-9
AstCal_AulStu,fAulAsc213,fAulAsc106,0,1,-9
AstCal_AulStu,fAulAsc224,fAulAsc78,0,1,-9
AstCal_AulStu,fAulAsc234,fAulAsc11,0,1,-9
AstCal_AulStu,fAulAsc244,fAulAsc106,0,1,-9
AstCal_AulStu,fAulAsc160,fAulAsc78,0,1,-9
AstCal_AulStu,fAulAsc171,fAulAsc106,0,1,-9
AstCal_AulStu,fAulAsc182,fAulAsc78,0,1,-9
AstCal_AulStu,fAulAsc193,fAulAsc102,0,1,-9
AstCal_AulStu,fAulAsc204,fAulAsc102,0,1,-9
AstCal_AulStu,fAulAsc215,fAulAsc106,0,1,-9
AstCal_AulStu,fAulAsc226,fAulAsc78,0,1,-9
AstCal_AulStu,fAulAsc236,fAulAsc52,0,1,-9
AstCal_AulStu,fAulAsc161,fAulAsc52,0,1,-9
AstCal_AulStu,fAulAsc172,fAulAsc11,0,1,-9
AstCal_AulStu,fAulAsc183,fAulAsc56,0,1,-9
AstCal_AulStu,fAulAsc194,fAulAsc106,0,1,-9
AstCal_AulStu,fAulAsc205,fAulAsc106,0,1,-9
AstCal_AulStu,fAulAsc216,fAulAsc82,0,1,-9
AstCal_AulStu,fAulAsc248,fAulAsc60,0,1,-9
AstCal_AulStu,fAulAsc249,fAulAsc106,0,1,-9
AstCal_AulStu,fAulAsc250,fAulAsc102,0,1,-9
AstCal_AulStu,fAulAsc251,fAulAsc29,0,1,-9
AstCal_AulStu,fAulAsc245,fAulAsc102,0,1,-9
AstCal_AulStu,fAulAsc246,fAulAsc106,0,1,-9
AstCal_AulStu,fAulAsc247,fAulAsc81,0,1,-9
AstCal_AulStu,fAulAsc252,fAulAsc29,0,1,-9
AstCal_AulStu,fAulAsc262,fAulAsc102,0,1,-9
AstCal_AulStu,fAulAsc265,fAulAsc10,0,1,-9
AstCal_AulStu,fAulAsc268,fAulAsc52,0,1,-9
AstCal_AulStu,fAulAsc271,fAulAsc122,0,1,-9
AstCal_AulStu,fAulAsc254,fAulAsc96,0,1,-9
AstCal_AulStu,fAulAsc256,fAulAsc142,0,1,-9
AstCal_AulStu,fAulAsc258,fAulAsc9,0,1,-9
AstCal_AulStu,fAulAsc260,fAulAsc58,0,1,-9
AstCal_AulStu,fAulAsc263,fAulAsc58,0,1,-9
AstCal_AulStu,fAulAsc266,fAulAsc71,0,1,-9
AstCal_AulStu,fAulAsc269,fAulAsc106,0,1,-9
AstCal_AulStu,fAulAsc272,fAulAsc102,0,1,-9
AstCal_AulStu,fAulAsc253,fAulAsc10,0,1,-9
AstCal_AulStu,fAulAsc255,fAulAsc60,0,1,-9
AstCal_AulStu,fAulAsc257,fAulAsc102,0,1,-9
AstCal_AulStu,fAulAsc259,fAulAsc60,0,1,-9
AstCal_AulStu,fAulAsc261,fAulAsc106,0,1,-9
AstCal_AulStu,fAulAsc264,fAulAsc46,0,1,-9
AstCal_AulStu,fAulAsc267,fAulAsc102,0,1,-9
AstCal_AulStu,fAulAsc270,fAulAsc91,0,1,-9
AstCal_AulStu,fAulAsc273,fAulAsc103,0,1,-9
AstCal_AulStu,fAulAsc275,fAulAsc52,0,1,-9
AstCal_AulStu,fAulAsc277,fAulAsc102,0,1,-9
AstCal_AulStu,fAulAsc279,fAulAsc177,0,1,-9
AstCal_AulStu,fAulAsc281,fAulAsc102,0,1,-9
AstCal_AulStu,fAulAsc283,fAulAsc127,0,1,-9
AstCal_AulStu,fAulAsc285,fAulAsc26,0,1,-9
AstCal_AulStu,fAulAsc287,fAulAsc177,0,1,-9
AstCal_AulStu,fAulAsc274,fAulAsc106,0,1,-9
AstCal_AulStu,fAulAsc276,fAulAsc60,0,1,-9
AstCal_AulStu,fAulAsc278,fAulAsc10,0,1,-9
AstCal_AulStu,fAulAsc280,fAulAsc79,0,1,-9
AstCal_AulStu,fAulAsc282,fAulAsc122,0,1,-9
AstCal_AulStu,fAulAsc284,fAulAsc102,0,1,-9
AstCal_AulStu,fAulAsc286,fAulAsc102,0,1,-9
AstCal_AulStu,fAulAsc288,fAulAsc52,0,1,-9
