ParentIndividualID,ParentProjectEntityID,ParentRole,ParentSex,ParentGeneration,ChildIndividualID,ChildProjectEntityID,ChildGeneration,EdgeEvidenceClass,IncludedInTierA,IncludedInTierB,ForcedCompletionEdge,EdgeBootstrapFraction,EdgeAlternatives95,ChildReportedParentCount,ChildExactPairStableAtTierA,ChildExactPairStableAtTierB,ChildEvidenceStatus,ChildEvidenceTier,ParentCountMAPState,ParentCountStable,RawTwoParentVsReducedLoglik,Caveat
fTroAst25,2021cicX13611460,father,M,F1,fTroAst1,2021cicX13178998,F2,Tier_A_strict_identity,True,True,False,0.8385,fTroAst25:0.839;fTroAst18:0.111;fTroAst11:0.025,1,False,True,two_parent__C_father_stable_mother_ambiguous,B_exact_pair,two_parent,True,-667764.229328475,"T08 child painting is a correlated cross-check, not an independent likelihood. Invariant calls agree across the individual and selected soft-prevalence models, marker densities, leave-one-chromosome analyses, model sensitivities, and the painted-child transmission cross-check."
fTroAst11,2021cicX13611458,father,M,F1,fTroAst9,2021cicX13178999,F2,Tier_A_strict_identity,True,True,False,0.6455,fTroAst11:0.646;fTroAst25:0.268;fTroAst18:0.079,2,True,True,two_parent__A_exact_multigeneration_stable,A_exact_pair,two_parent,True,-749106.3289043996,"T08 child painting is a correlated cross-check, not an independent likelihood. Invariant calls agree across the individual and selected soft-prevalence models, marker densities, leave-one-chromosome analyses, model sensitivities, and the painted-child transmission cross-check."
fTroAst12,2021cicX13611466,mother,F,F1,fTroAst9,2021cicX13178999,F2,Tier_A_strict_identity,True,True,False,0.797,fTroAst12:0.797;fTroAst38:0.129;fTroAst44:0.068,2,True,True,two_parent__A_exact_multigeneration_stable,A_exact_pair,two_parent,True,-749106.3289043996,"T08 child painting is a correlated cross-check, not an independent likelihood. Invariant calls agree across the individual and selected soft-prevalence models, marker densities, leave-one-chromosome analyses, model sensitivities, and the painted-child transmission cross-check."
fTroAst49,2021cicX13611464,father,M,F1,fTroAst2,2021cicX13179000,F2,Tier_A_strict_identity,True,True,False,0.572,fTroAst49:0.572;fTroAst55:0.255;fTroAst43:0.171,2,True,True,two_parent__A_exact_multigeneration_stable,A_exact_pair,two_parent,True,-674368.3919705111,"T08 child painting is a correlated cross-check, not an independent likelihood. Invariant calls agree across the individual and selected soft-prevalence models, marker densities, leave-one-chromosome analyses, model sensitivities, and the painted-child transmission cross-check."
fTroAst12,2021cicX13611466,mother,F,F1,fTroAst2,2021cicX13179000,F2,Tier_A_strict_identity,True,True,False,0.809,fTroAst12:0.809;fTroAst38:0.191,2,True,True,two_parent__A_exact_multigeneration_stable,A_exact_pair,two_parent,True,-674368.3919705111,"T08 child painting is a correlated cross-check, not an independent likelihood. Invariant calls agree across the individual and selected soft-prevalence models, marker densities, leave-one-chromosome analyses, model sensitivities, and the painted-child transmission cross-check."
fTroAst11,2021cicX13611458,father,M,F1,fTroAst3,2021cicX13179001,F2,Tier_A_strict_identity,True,True,False,0.7465,fTroAst11:0.747;fTroAst25:0.178;fTroAst18:0.069,2,True,True,two_parent__A_exact_multigeneration_stable,A_exact_pair,two_parent,True,-556279.7796172262,"T08 child painting is a correlated cross-check, not an independent likelihood. Invariant calls agree across the individual and selected soft-prevalence models, marker densities, leave-one-chromosome analyses, model sensitivities, and the painted-child transmission cross-check."
fTroAst12,2021cicX13611466,mother,F,F1,fTroAst3,2021cicX13179001,F2,Tier_A_strict_identity,True,True,False,0.555,fTroAst12:0.555;fTroAst38:0.350;fTroAst32:0.041;fTroAst19:0.029,2,True,True,two_parent__A_exact_multigeneration_stable,A_exact_pair,two_parent,True,-556279.7796172262,"T08 child painting is a correlated cross-check, not an independent likelihood. Invariant calls agree across the individual and selected soft-prevalence models, marker densities, leave-one-chromosome analyses, model sensitivities, and the painted-child transmission cross-check."
fTroAst12,2021cicX13611466,mother,F,F1,fTroAst4,2021cicX13179002,F2,Tier_A_strict_identity,True,True,False,0.688,fTroAst12:0.688;fTroAst44:0.169;fTroAst38:0.079;fTroAst32:0.022,1,False,False,two_parent__C_mother_stable_father_ambiguous,A_one_parent_identity,two_parent,True,-721930.3888609214,"T08 child painting is a correlated cross-check, not an independent likelihood. Invariant calls agree across the individual and selected soft-prevalence models, marker densities, leave-one-chromosome analyses, model sensitivities, and the painted-child transmission cross-check."
fTroAst12,2021cicX13611466,mother,F,F1,fTroAst5,2021cicX13179003,F2,Tier_A_strict_identity,True,True,False,0.995,fTroAst12:0.995,1,False,False,two_parent__C_mother_stable_father_ambiguous,A_one_parent_identity,two_parent,True,-372512.6358047975,"T08 child painting is a correlated cross-check, not an independent likelihood. Invariant calls agree across the individual and selected soft-prevalence models, marker densities, leave-one-chromosome analyses, model sensitivities, and the painted-child transmission cross-check."
fTroAst38,2021cicX13611470,mother,F,F1,fTroAst8,2021cicX13179006,F2,Tier_A_strict_identity,True,True,False,0.778,fTroAst38:0.778;fTroAst12:0.221,1,False,True,two_parent__C_mother_stable_father_ambiguous,B_exact_pair,two_parent,True,-919548.165778853,"T08 child painting is a correlated cross-check, not an independent likelihood. Invariant calls agree across the individual and selected soft-prevalence models, marker densities, leave-one-chromosome analyses, model sensitivities, and the painted-child transmission cross-check."
fTroAst18,2021cicX13611459,father,M,F1,fTroAst10,2021cicX13179007,F2,Tier_A_strict_identity,True,True,False,0.7065,fTroAst18:0.707;fTroAst11:0.227;fTroAst25:0.067,2,True,True,two_parent__A_exact_multigeneration_stable,A_exact_pair,two_parent,True,-437954.0558803952,"T08 child painting is a correlated cross-check, not an independent likelihood. Invariant calls agree across the individual and selected soft-prevalence models, marker densities, leave-one-chromosome analyses, model sensitivities, and the painted-child transmission cross-check."
fTroAst26,2021cicX13611468,mother,F,F1,fTroAst10,2021cicX13179007,F2,Tier_A_strict_identity,True,True,False,0.9995,fTroAst26:1.000,2,True,True,two_parent__A_exact_multigeneration_stable,A_exact_pair,two_parent,True,-437954.0558803952,"T08 child painting is a correlated cross-check, not an independent likelihood. Invariant calls agree across the individual and selected soft-prevalence models, marker densities, leave-one-chromosome analyses, model sensitivities, and the painted-child transmission cross-check."
fTroAst12,2021cicX13611466,mother,F,F1,fTroAst13,2021cicX13611474,F2,Tier_A_strict_identity,True,True,False,0.9995,fTroAst12:1.000,1,False,True,two_parent__C_mother_stable_father_ambiguous,B_exact_pair,two_parent,True,-581071.6491602454,"T08 child painting is a correlated cross-check, not an independent likelihood. Invariant calls agree across the individual and selected soft-prevalence models, marker densities, leave-one-chromosome analyses, model sensitivities, and the painted-child transmission cross-check."
fTroAst26,2021cicX13611468,mother,F,F1,fTroAst20,2021cicX13611475,F2,Tier_A_strict_identity,True,True,False,0.9785,fTroAst26:0.979,1,False,True,two_parent__C_mother_stable_father_ambiguous,B_exact_pair,two_parent,True,-576735.1652147374,"T08 child painting is a correlated cross-check, not an independent likelihood. Invariant calls agree across the individual and selected soft-prevalence models, marker densities, leave-one-chromosome analyses, model sensitivities, and the painted-child transmission cross-check."
fTroAst19,2021cicX13611467,mother,F,F1,fTroAst27,2021cicX13611476,F2,Tier_A_strict_identity,True,True,False,0.9975,fTroAst19:0.998,1,False,True,two_parent__C_mother_stable_father_ambiguous,B_exact_pair,two_parent,True,-493451.0530224065,"T08 child painting is a correlated cross-check, not an independent likelihood. Invariant calls agree across the individual and selected soft-prevalence models, marker densities, leave-one-chromosome analyses, model sensitivities, and the painted-child transmission cross-check."
fTroAst49,2021cicX13611464,father,M,F1,fTroAst33,2021cicX13611477,F2,Tier_A_strict_identity,True,True,False,0.6675,fTroAst49:0.667;fTroAst55:0.175;fTroAst31:0.065;fTroAst43:0.050,2,True,True,two_parent__A_exact_multigeneration_stable,A_exact_pair,two_parent,True,-589220.3452053522,"T08 child painting is a correlated cross-check, not an independent likelihood. Invariant calls agree across the individual and selected soft-prevalence models, marker densities, leave-one-chromosome analyses, model sensitivities, and the painted-child transmission cross-check."
fTroAst12,2021cicX13611466,mother,F,F1,fTroAst33,2021cicX13611477,F2,Tier_A_strict_identity,True,True,False,0.7665,fTroAst12:0.766;fTroAst38:0.191,2,True,True,two_parent__A_exact_multigeneration_stable,A_exact_pair,two_parent,True,-589220.3452053522,"T08 child painting is a correlated cross-check, not an independent likelihood. Invariant calls agree across the individual and selected soft-prevalence models, marker densities, leave-one-chromosome analyses, model sensitivities, and the painted-child transmission cross-check."
fTroAst18,2021cicX13611459,father,M,F1,fTroAst45,2021cicX13611479,F2,Tier_A_strict_identity,True,True,False,0.635,fTroAst18:0.635;fTroAst11:0.186;fTroAst25:0.129;fTroAst31:0.042,2,True,True,two_parent__A_exact_multigeneration_stable,A_exact_pair,two_parent,True,-547533.6695073424,"T08 child painting is a correlated cross-check, not an independent likelihood. Invariant calls agree across the individual and selected soft-prevalence models, marker densities, leave-one-chromosome analyses, model sensitivities, and the painted-child transmission cross-check."
fTroAst26,2021cicX13611468,mother,F,F1,fTroAst45,2021cicX13611479,F2,Tier_A_strict_identity,True,True,False,0.9565,fTroAst26:0.957,2,True,True,two_parent__A_exact_multigeneration_stable,A_exact_pair,two_parent,True,-547533.6695073424,"T08 child painting is a correlated cross-check, not an independent likelihood. Invariant calls agree across the individual and selected soft-prevalence models, marker densities, leave-one-chromosome analyses, model sensitivities, and the painted-child transmission cross-check."
fTroAst18,2021cicX13611459,father,M,F1,fTroAst51,2021cicX13611480,F2,Tier_A_strict_identity,True,True,False,0.7205,fTroAst18:0.721;fTroAst25:0.111;fTroAst11:0.089;fTroAst37:0.058,1,False,False,B_parent_count_ambiguous_shared_parent_identity_stable,A_one_parent_identity,two_parent,False,-618094.6937922798,"T08 child painting is a correlated cross-check, not an independent likelihood. Invariant calls agree across the individual and selected soft-prevalence models, marker densities, leave-one-chromosome analyses, model sensitivities, and the painted-child transmission cross-check."
fTroAst56,2021cicX13611473,mother,F,F1,fTroAst57,2021cicX13611481,F2,Tier_A_strict_identity,True,True,False,0.715,fTroAst56:0.715;fTroAst32:0.104;fTroAst19:0.093;fTroAst50:0.073,1,False,False,A_mother_only_state_and_identity_stable,A_one_parent_identity,mother_only,True,-679414.060001852,"T08 child painting is a correlated cross-check, not an independent likelihood. Invariant calls agree across the individual and selected soft-prevalence models, marker densities, leave-one-chromosome analyses, model sensitivities, and the painted-child transmission cross-check."
fTroAst11,2021cicX13611458,father,M,F1,fTroAst21,2021cicX13611483,F2,Tier_A_strict_identity,True,True,False,0.591,fTroAst11:0.591;fTroAst25:0.289;fTroAst43:0.054;fTroAst37:0.047,1,False,False,two_parent__C_father_stable_mother_ambiguous,A_one_parent_identity,two_parent,True,-649168.3221733938,"T08 child painting is a correlated cross-check, not an independent likelihood. Invariant calls agree across the individual and selected soft-prevalence models, marker densities, leave-one-chromosome analyses, model sensitivities, and the painted-child transmission cross-check."
fTroAst12,2021cicX13611466,mother,F,F1,fTroAst28,2021cicX13611484,F2,Tier_A_strict_identity,True,True,False,0.821,fTroAst12:0.821;fTroAst38:0.172,1,False,False,B_parent_count_ambiguous_shared_parent_identity_stable,A_one_parent_identity,two_parent,False,-796795.7712214398,"T08 child painting is a correlated cross-check, not an independent likelihood. Invariant calls agree across the individual and selected soft-prevalence models, marker densities, leave-one-chromosome analyses, model sensitivities, and the painted-child transmission cross-check."
fTroAst11,2021cicX13611458,father,M,F1,fTroAst34,2021cicX13611485,F2,Tier_A_strict_identity,True,True,False,0.64,fTroAst11:0.640;fTroAst25:0.172;fTroAst18:0.107;fTroAst37:0.079,1,False,False,two_parent__C_father_stable_mother_ambiguous,A_one_parent_identity,two_parent,True,-804427.1162257944,"T08 child painting is a correlated cross-check, not an independent likelihood. Invariant calls agree across the individual and selected soft-prevalence models, marker densities, leave-one-chromosome analyses, model sensitivities, and the painted-child transmission cross-check."
fTroAst25,2021cicX13611460,father,M,F1,fTroAst52,2021cicX13611488,F2,Tier_A_strict_identity,True,True,False,0.7615,fTroAst25:0.761;fTroAst31:0.101;fTroAst11:0.079;fTroAst43:0.041,1,False,True,two_parent__C_father_stable_mother_ambiguous,B_exact_pair,two_parent,True,-576597.2833818868,"T08 child painting is a correlated cross-check, not an independent likelihood. Invariant calls agree across the individual and selected soft-prevalence models, marker densities, leave-one-chromosome analyses, model sensitivities, and the painted-child transmission cross-check."
fTroAst26,2021cicX13611468,mother,F,F1,fTroAst58,2021cicX13611489,F2,Tier_A_strict_identity,True,True,False,1.0,fTroAst26:1.000,1,False,False,A_mother_only_state_and_identity_stable,A_one_parent_identity,mother_only,True,-663797.9950089045,"T08 child painting is a correlated cross-check, not an independent likelihood. Invariant calls agree across the individual and selected soft-prevalence models, marker densities, leave-one-chromosome analyses, model sensitivities, and the painted-child transmission cross-check."
fTroAst11,2021cicX13611458,father,M,F1,fTroAst15,2021cicX13611490,F2,Tier_A_strict_identity,True,True,False,0.9395,fTroAst11:0.940;fTroAst37:0.053,2,True,True,two_parent__A_exact_multigeneration_stable,A_exact_pair,two_parent,True,-899112.2576273074,"T08 child painting is a correlated cross-check, not an independent likelihood. Invariant calls agree across the individual and selected soft-prevalence models, marker densities, leave-one-chromosome analyses, model sensitivities, and the painted-child transmission cross-check."
fTroAst56,2021cicX13611473,mother,F,F1,fTroAst15,2021cicX13611490,F2,Tier_A_strict_identity,True,True,False,0.5095,fTroAst56:0.509;fTroAst32:0.143;fTroAst50:0.102;fTroAst26:0.101;fTroAst19:0.050;fTroAst44:0.042;fTroAst38:0.036,2,True,True,two_parent__A_exact_multigeneration_stable,A_exact_pair,two_parent,True,-899112.2576273074,"T08 child painting is a correlated cross-check, not an independent likelihood. Invariant calls agree across the individual and selected soft-prevalence models, marker densities, leave-one-chromosome analyses, model sensitivities, and the painted-child transmission cross-check."
fTroAst43,2021cicX13611463,father,M,F1,fTroAst22,2021cicX13611491,F2,Tier_A_strict_identity,True,True,False,0.9995,fTroAst43:1.000,2,True,True,two_parent__A_exact_multigeneration_stable,A_exact_pair,two_parent,True,-648144.7112715775,"T08 child painting is a correlated cross-check, not an independent likelihood. Invariant calls agree across the individual and selected soft-prevalence models, marker densities, leave-one-chromosome analyses, model sensitivities, and the painted-child transmission cross-check."
fTroAst12,2021cicX13611466,mother,F,F1,fTroAst22,2021cicX13611491,F2,Tier_A_strict_identity,True,True,False,0.731,fTroAst12:0.731;fTroAst38:0.178;fTroAst32:0.058,2,True,True,two_parent__A_exact_multigeneration_stable,A_exact_pair,two_parent,True,-648144.7112715775,"T08 child painting is a correlated cross-check, not an independent likelihood. Invariant calls agree across the individual and selected soft-prevalence models, marker densities, leave-one-chromosome analyses, model sensitivities, and the painted-child transmission cross-check."
fTroAst55,2021cicX13611465,father,M,F1,fTroAst29,2021cicX13611492,F2,Tier_A_strict_identity,True,True,False,0.8875,fTroAst55:0.888;fTroAst31:0.079,2,True,True,two_parent__A_exact_multigeneration_stable,A_exact_pair,two_parent,True,-657832.9812094225,"T08 child painting is a correlated cross-check, not an independent likelihood. Invariant calls agree across the individual and selected soft-prevalence models, marker densities, leave-one-chromosome analyses, model sensitivities, and the painted-child transmission cross-check."
fTroAst38,2021cicX13611470,mother,F,F1,fTroAst29,2021cicX13611492,F2,Tier_A_strict_identity,True,True,False,0.774,fTroAst38:0.774;fTroAst12:0.224,2,True,True,two_parent__A_exact_multigeneration_stable,A_exact_pair,two_parent,True,-657832.9812094225,"T08 child painting is a correlated cross-check, not an independent likelihood. Invariant calls agree across the individual and selected soft-prevalence models, marker densities, leave-one-chromosome analyses, model sensitivities, and the painted-child transmission cross-check."
fTroAst18,2021cicX13611459,father,M,F1,fTroAst35,2021cicX13611493,F2,Tier_A_strict_identity,True,True,False,0.7575,fTroAst18:0.757;fTroAst37:0.184;fTroAst11:0.057,2,True,True,two_parent__A_exact_multigeneration_stable,A_exact_pair,two_parent,True,-580252.3058406641,"T08 child painting is a correlated cross-check, not an independent likelihood. Invariant calls agree across the individual and selected soft-prevalence models, marker densities, leave-one-chromosome analyses, model sensitivities, and the painted-child transmission cross-check."
fTroAst56,2021cicX13611473,mother,F,F1,fTroAst35,2021cicX13611493,F2,Tier_A_strict_identity,True,True,False,0.5675,fTroAst56:0.568;fTroAst12:0.142;fTroAst50:0.090;fTroAst26:0.059;fTroAst32:0.048;fTroAst19:0.044,2,True,True,two_parent__A_exact_multigeneration_stable,A_exact_pair,two_parent,True,-580252.3058406641,"T08 child painting is a correlated cross-check, not an independent likelihood. Invariant calls agree across the individual and selected soft-prevalence models, marker densities, leave-one-chromosome analyses, model sensitivities, and the painted-child transmission cross-check."
fTroAst11,2021cicX13611458,father,M,F1,fTroAst41,2021cicX13611494,F2,Tier_A_strict_identity,True,True,False,0.726,fTroAst11:0.726;fTroAst25:0.161;fTroAst43:0.095,2,True,True,two_parent__A_exact_multigeneration_stable,A_exact_pair,two_parent,True,-533827.5070079886,"T08 child painting is a correlated cross-check, not an independent likelihood. Invariant calls agree across the individual and selected soft-prevalence models, marker densities, leave-one-chromosome analyses, model sensitivities, and the painted-child transmission cross-check."
fTroAst26,2021cicX13611468,mother,F,F1,fTroAst41,2021cicX13611494,F2,Tier_A_strict_identity,True,True,False,0.9895,fTroAst26:0.990,2,True,True,two_parent__A_exact_multigeneration_stable,A_exact_pair,two_parent,True,-533827.5070079886,"T08 child painting is a correlated cross-check, not an independent likelihood. Invariant calls agree across the individual and selected soft-prevalence models, marker densities, leave-one-chromosome analyses, model sensitivities, and the painted-child transmission cross-check."
fTroAst43,2021cicX13611463,father,M,F1,fTroAst47,2021cicX13611495,F2,Tier_A_strict_identity,True,True,False,0.9995,fTroAst43:1.000,1,False,False,two_parent__C_father_stable_mother_ambiguous,A_one_parent_identity,two_parent,True,-488376.8245185334,"T08 child painting is a correlated cross-check, not an independent likelihood. Invariant calls agree across the individual and selected soft-prevalence models, marker densities, leave-one-chromosome analyses, model sensitivities, and the painted-child transmission cross-check."
fTroAst11,2021cicX13611458,father,M,F1,fTroAst53,2021cicX13611496,F2,Tier_A_strict_identity,True,True,False,0.846,fTroAst11:0.846;fTroAst18:0.105,2,True,True,two_parent__A_exact_multigeneration_stable,A_exact_pair,two_parent,True,-544304.0969049498,"T08 child painting is a correlated cross-check, not an independent likelihood. Invariant calls agree across the individual and selected soft-prevalence models, marker densities, leave-one-chromosome analyses, model sensitivities, and the painted-child transmission cross-check."
fTroAst19,2021cicX13611467,mother,F,F1,fTroAst53,2021cicX13611496,F2,Tier_A_strict_identity,True,True,False,0.9995,fTroAst19:1.000,2,True,True,two_parent__A_exact_multigeneration_stable,A_exact_pair,two_parent,True,-544304.0969049498,"T08 child painting is a correlated cross-check, not an independent likelihood. Invariant calls agree across the individual and selected soft-prevalence models, marker densities, leave-one-chromosome analyses, model sensitivities, and the painted-child transmission cross-check."
fTroAst18,2021cicX13611459,father,M,F1,fTroAst23,2021cicX13611499,F2,Tier_A_strict_identity,True,True,False,0.7375,fTroAst18:0.738;fTroAst25:0.145;fTroAst11:0.089,2,False,False,two_parent__B_both_parents_stable_pair_ambiguous,A_both_parent_identities_pair_ambiguous,two_parent,True,-679874.3915716074,"T08 child painting is a correlated cross-check, not an independent likelihood. Invariant calls agree across the individual and selected soft-prevalence models, marker densities, leave-one-chromosome analyses, model sensitivities, and the painted-child transmission cross-check."
fTroAst26,2021cicX13611468,mother,F,F1,fTroAst23,2021cicX13611499,F2,Tier_A_strict_identity,True,True,False,0.5225,fTroAst26:0.522;fTroAst50:0.209;fTroAst19:0.152;fTroAst12:0.038;fTroAst56:0.036,2,False,False,two_parent__B_both_parents_stable_pair_ambiguous,A_both_parent_identities_pair_ambiguous,two_parent,True,-679874.3915716074,"T08 child painting is a correlated cross-check, not an independent likelihood. Invariant calls agree across the individual and selected soft-prevalence models, marker densities, leave-one-chromosome analyses, model sensitivities, and the painted-child transmission cross-check."
fTroAst43,2021cicX13611463,father,M,F1,fTroAst30,2021cicX13611500,F2,Tier_A_strict_identity,True,True,False,0.995,fTroAst43:0.995,1,False,False,B_parent_count_ambiguous_shared_parent_identity_stable,A_one_parent_identity,two_parent,False,-597685.2299108678,"T08 child painting is a correlated cross-check, not an independent likelihood. Invariant calls agree across the individual and selected soft-prevalence models, marker densities, leave-one-chromosome analyses, model sensitivities, and the painted-child transmission cross-check."
fTroAst12,2021cicX13611466,mother,F,F1,fTroAst36,2021cicX13611501,F2,Tier_A_strict_identity,True,True,False,0.815,fTroAst12:0.815;fTroAst38:0.185,1,False,False,two_parent__C_mother_stable_father_ambiguous,A_one_parent_identity,two_parent,True,-750336.7115903818,"T08 child painting is a correlated cross-check, not an independent likelihood. Invariant calls agree across the individual and selected soft-prevalence models, marker densities, leave-one-chromosome analyses, model sensitivities, and the painted-child transmission cross-check."
fTroAst18,2021cicX13611459,father,M,F1,fTroAst42,2021cicX13611502,F2,Tier_A_strict_identity,True,True,False,0.9685,fTroAst18:0.969,2,True,True,two_parent__A_exact_multigeneration_stable,A_exact_pair,two_parent,True,-491973.642965653,"T08 child painting is a correlated cross-check, not an independent likelihood. Invariant calls agree across the individual and selected soft-prevalence models, marker densities, leave-one-chromosome analyses, model sensitivities, and the painted-child transmission cross-check."
fTroAst12,2021cicX13611466,mother,F,F1,fTroAst42,2021cicX13611502,F2,Tier_A_strict_identity,True,True,False,0.951,fTroAst12:0.951,2,True,True,two_parent__A_exact_multigeneration_stable,A_exact_pair,two_parent,True,-491973.642965653,"T08 child painting is a correlated cross-check, not an independent likelihood. Invariant calls agree across the individual and selected soft-prevalence models, marker densities, leave-one-chromosome analyses, model sensitivities, and the painted-child transmission cross-check."
fTroAst38,2021cicX13611470,mother,F,F1,fTroAst54,2021cicX13611504,F2,Tier_A_strict_identity,True,True,False,0.772,fTroAst38:0.772;fTroAst12:0.205,1,False,False,two_parent__C_mother_stable_father_ambiguous,B_both_parent_identities_pair_ambiguous,two_parent,True,-560258.916371794,"T08 child painting is a correlated cross-check, not an independent likelihood. Invariant calls agree across the individual and selected soft-prevalence models, marker densities, leave-one-chromosome analyses, model sensitivities, and the painted-child transmission cross-check."
fTroAst12,2021cicX13611466,mother,F,F1,fTroAst60,2021cicX13611505,F2,Tier_A_strict_identity,True,True,False,0.707,fTroAst12:0.707;fTroAst38:0.149;fTroAst32:0.056;fTroAst44:0.053,1,False,False,two_parent__C_mother_stable_father_ambiguous,A_one_parent_identity,two_parent,True,-715195.417216938,"T08 child painting is a correlated cross-check, not an independent likelihood. Invariant calls agree across the individual and selected soft-prevalence models, marker densities, leave-one-chromosome analyses, model sensitivities, and the painted-child transmission cross-check."
fTroAst56,2021cicX13611473,mother,F,F1,fTroAst17,2021cicX13611506,F2,Tier_A_strict_identity,True,True,False,0.624,fTroAst56:0.624;fTroAst12:0.146;fTroAst26:0.075;fTroAst32:0.067;fTroAst38:0.030;fTroAst44:0.028,1,False,False,two_parent__C_mother_stable_father_ambiguous,A_one_parent_identity,two_parent,True,-651129.653883737,"T08 child painting is a correlated cross-check, not an independent likelihood. Invariant calls agree across the individual and selected soft-prevalence models, marker densities, leave-one-chromosome analyses, model sensitivities, and the painted-child transmission cross-check."
fTroAst43,2021cicX13611463,father,M,F1,fTroAst61,2021cicX13611508,F2,Tier_A_strict_identity,True,True,False,0.9995,fTroAst43:1.000,1,False,True,two_parent__C_father_stable_mother_ambiguous,B_exact_pair,two_parent,True,-576822.7926024366,"T08 child painting is a correlated cross-check, not an independent likelihood. Invariant calls agree across the individual and selected soft-prevalence models, marker densities, leave-one-chromosome analyses, model sensitivities, and the painted-child transmission cross-check."
fTroAst37,2021cicX13611462,father,M,F1,fTroAst62,2021cicX13611509,F2,Tier_A_strict_identity,True,True,False,0.726,fTroAst37:0.726;fTroAst11:0.165;fTroAst43:0.032;fTroAst18:0.025;fTroAst49:0.019,2,True,True,two_parent__A_exact_multigeneration_stable,A_exact_pair,two_parent,True,-790572.3756070375,"T08 child painting is a correlated cross-check, not an independent likelihood. Invariant calls agree across the individual and selected soft-prevalence models, marker densities, leave-one-chromosome analyses, model sensitivities, and the painted-child transmission cross-check."
fTroAst12,2021cicX13611466,mother,F,F1,fTroAst62,2021cicX13611509,F2,Tier_A_strict_identity,True,True,False,0.6585,fTroAst12:0.659;fTroAst44:0.213;fTroAst38:0.074;fTroAst56:0.035,2,True,True,two_parent__A_exact_multigeneration_stable,A_exact_pair,two_parent,True,-790572.3756070375,"T08 child painting is a correlated cross-check, not an independent likelihood. Invariant calls agree across the individual and selected soft-prevalence models, marker densities, leave-one-chromosome analyses, model sensitivities, and the painted-child transmission cross-check."
fTroAst43,2021cicX13611463,father,M,F1,fTroAst65,2021cicX14537283,F2,Tier_A_strict_identity,True,True,False,0.5735,fTroAst43:0.574;fTroAst11:0.231;fTroAst55:0.089;fTroAst49:0.041;fTroAst31:0.029,1,False,False,two_parent__C_father_stable_mother_ambiguous,A_one_parent_identity,two_parent,True,-641174.1404828504,"T08 child painting is a correlated cross-check, not an independent likelihood. Invariant calls agree across the individual and selected soft-prevalence models, marker densities, leave-one-chromosome analyses, model sensitivities, and the painted-child transmission cross-check."
fTroAst43,2021cicX13611463,father,M,F1,fTroAst71,2021cicX14537288,F2,Tier_A_strict_identity,True,True,False,0.998,fTroAst43:0.998,2,True,True,two_parent__A_exact_multigeneration_stable,A_exact_pair,two_parent,True,-621518.5623539523,"T08 child painting is a correlated cross-check, not an independent likelihood. Invariant calls agree across the individual and selected soft-prevalence models, marker densities, leave-one-chromosome analyses, model sensitivities, and the painted-child transmission cross-check."
fTroAst38,2021cicX13611470,mother,F,F1,fTroAst71,2021cicX14537288,F2,Tier_A_strict_identity,True,True,False,0.5875,fTroAst38:0.588;fTroAst26:0.220;fTroAst44:0.072;fTroAst32:0.059;fTroAst50:0.035,2,True,True,two_parent__A_exact_multigeneration_stable,A_exact_pair,two_parent,True,-621518.5623539523,"T08 child painting is a correlated cross-check, not an independent likelihood. Invariant calls agree across the individual and selected soft-prevalence models, marker densities, leave-one-chromosome analyses, model sensitivities, and the painted-child transmission cross-check."
fTroAst12,2021cicX13611466,mother,F,F1,fTroAst72,2021cicX14537289,F2,Tier_A_strict_identity,True,True,False,0.8555,fTroAst12:0.856;fTroAst32:0.119,1,False,False,two_parent__C_mother_stable_father_ambiguous,A_one_parent_identity,two_parent,True,-782362.5609137435,"T08 child painting is a correlated cross-check, not an independent likelihood. Invariant calls agree across the individual and selected soft-prevalence models, marker densities, leave-one-chromosome analyses, model sensitivities, and the painted-child transmission cross-check."
fTroAst37,2021cicX13611462,father,M,F1,fTroAst77,2021cicX14537293,F2,Tier_A_strict_identity,True,True,False,0.746,fTroAst37:0.746;fTroAst11:0.184;fTroAst25:0.053,2,True,True,two_parent__A_exact_multigeneration_stable,A_exact_pair,two_parent,True,-759246.3602846125,"T08 child painting is a correlated cross-check, not an independent likelihood. Invariant calls agree across the individual and selected soft-prevalence models, marker densities, leave-one-chromosome analyses, model sensitivities, and the painted-child transmission cross-check."
fTroAst12,2021cicX13611466,mother,F,F1,fTroAst77,2021cicX14537293,F2,Tier_A_strict_identity,True,True,False,0.7435,fTroAst12:0.744;fTroAst44:0.158;fTroAst19:0.067,2,True,True,two_parent__A_exact_multigeneration_stable,A_exact_pair,two_parent,True,-759246.3602846125,"T08 child painting is a correlated cross-check, not an independent likelihood. Invariant calls agree across the individual and selected soft-prevalence models, marker densities, leave-one-chromosome analyses, model sensitivities, and the painted-child transmission cross-check."
fTroAst18,2021cicX13611459,father,M,F1,fTroAst79,2021cicX14537294,F2,Tier_A_strict_identity,True,True,False,0.696,fTroAst18:0.696;fTroAst11:0.206;fTroAst37:0.078,2,True,True,two_parent__A_exact_multigeneration_stable,A_exact_pair,two_parent,True,-860637.2136917673,"T08 child painting is a correlated cross-check, not an independent likelihood. Invariant calls agree across the individual and selected soft-prevalence models, marker densities, leave-one-chromosome analyses, model sensitivities, and the painted-child transmission cross-check."
fTroAst50,2021cicX13611472,mother,F,F1,fTroAst79,2021cicX14537294,F2,Tier_A_strict_identity,True,True,False,0.62,fTroAst50:0.620;fTroAst26:0.122;fTroAst32:0.093;fTroAst38:0.048;fTroAst44:0.042;fTroAst19:0.034,2,True,True,two_parent__A_exact_multigeneration_stable,A_exact_pair,two_parent,True,-860637.2136917673,"T08 child painting is a correlated cross-check, not an independent likelihood. Invariant calls agree across the individual and selected soft-prevalence models, marker densities, leave-one-chromosome analyses, model sensitivities, and the painted-child transmission cross-check."
fTroAst11,2021cicX13611458,father,M,F1,fTroAst80,2021cicX14537295,F2,Tier_A_strict_identity,True,True,False,0.717,fTroAst11:0.717;fTroAst18:0.176;fTroAst25:0.107,2,True,True,two_parent__A_exact_multigeneration_stable,A_exact_pair,two_parent,True,-542340.7942377455,"T08 child painting is a correlated cross-check, not an independent likelihood. Invariant calls agree across the individual and selected soft-prevalence models, marker densities, leave-one-chromosome analyses, model sensitivities, and the painted-child transmission cross-check."
fTroAst38,2021cicX13611470,mother,F,F1,fTroAst80,2021cicX14537295,F2,Tier_A_strict_identity,True,True,False,0.9865,fTroAst38:0.987,2,True,True,two_parent__A_exact_multigeneration_stable,A_exact_pair,two_parent,True,-542340.7942377455,"T08 child painting is a correlated cross-check, not an independent likelihood. Invariant calls agree across the individual and selected soft-prevalence models, marker densities, leave-one-chromosome analyses, model sensitivities, and the painted-child transmission cross-check."
fTroAst18,2021cicX13611459,father,M,F1,fTroAst81,2021cicX14537296,F2,Tier_A_strict_identity,True,True,False,0.7865,fTroAst18:0.786;fTroAst25:0.163;fTroAst11:0.051,2,True,True,two_parent__A_exact_multigeneration_stable,A_exact_pair,two_parent,True,-664084.6757638743,"T08 child painting is a correlated cross-check, not an independent likelihood. Invariant calls agree across the individual and selected soft-prevalence models, marker densities, leave-one-chromosome analyses, model sensitivities, and the painted-child transmission cross-check."
fTroAst12,2021cicX13611466,mother,F,F1,fTroAst81,2021cicX14537296,F2,Tier_A_strict_identity,True,True,False,0.7235,fTroAst12:0.724;fTroAst38:0.246,2,True,True,two_parent__A_exact_multigeneration_stable,A_exact_pair,two_parent,True,-664084.6757638743,"T08 child painting is a correlated cross-check, not an independent likelihood. Invariant calls agree across the individual and selected soft-prevalence models, marker densities, leave-one-chromosome analyses, model sensitivities, and the painted-child transmission cross-check."
fTroAst18,2021cicX13611459,father,M,F1,fTroAst76,2021cicX14537300,F2,Tier_A_strict_identity,True,True,False,0.786,fTroAst18:0.786;fTroAst25:0.171,2,True,True,two_parent__A_exact_multigeneration_stable,A_exact_pair,two_parent,True,-583030.9186601052,"T08 child painting is a correlated cross-check, not an independent likelihood. Invariant calls agree across the individual and selected soft-prevalence models, marker densities, leave-one-chromosome analyses, model sensitivities, and the painted-child transmission cross-check."
fTroAst12,2021cicX13611466,mother,F,F1,fTroAst76,2021cicX14537300,F2,Tier_A_strict_identity,True,True,False,0.672,fTroAst12:0.672;fTroAst38:0.328,2,True,True,two_parent__A_exact_multigeneration_stable,A_exact_pair,two_parent,True,-583030.9186601052,"T08 child painting is a correlated cross-check, not an independent likelihood. Invariant calls agree across the individual and selected soft-prevalence models, marker densities, leave-one-chromosome analyses, model sensitivities, and the painted-child transmission cross-check."
fTroAst43,2021cicX13611463,father,M,F1,fTroAst78,2021cicX14537301,F2,Tier_A_strict_identity,True,True,False,1.0,fTroAst43:1.000,2,True,True,two_parent__A_exact_multigeneration_stable,A_exact_pair,two_parent,True,9785.631987485567,"T08 child painting is a correlated cross-check, not an independent likelihood. Invariant calls agree across the individual and selected soft-prevalence models, marker densities, leave-one-chromosome analyses, model sensitivities, and the painted-child transmission cross-check."
fTroAst26,2021cicX13611468,mother,F,F1,fTroAst78,2021cicX14537301,F2,Tier_A_strict_identity,True,True,False,1.0,fTroAst26:1.000,2,True,True,two_parent__A_exact_multigeneration_stable,A_exact_pair,two_parent,True,9785.631987485567,"T08 child painting is a correlated cross-check, not an independent likelihood. Invariant calls agree across the individual and selected soft-prevalence models, marker densities, leave-one-chromosome analyses, model sensitivities, and the painted-child transmission cross-check."
fTroAst38,2021cicX13611470,mother,F,F1,fTroAst87,2021cicX14537302,F2,Tier_A_strict_identity,True,True,False,0.9855,fTroAst38:0.986,1,False,False,two_parent__C_mother_stable_father_ambiguous,A_one_parent_identity,two_parent,True,-576198.7434344599,"T08 child painting is a correlated cross-check, not an independent likelihood. Invariant calls agree across the individual and selected soft-prevalence models, marker densities, leave-one-chromosome analyses, model sensitivities, and the painted-child transmission cross-check."
fTroAst11,2021cicX13611458,father,M,F1,fTroAst89,2021cicX14537303,F2,Tier_A_strict_identity,True,True,False,0.733,fTroAst11:0.733;fTroAst37:0.231,1,False,False,two_parent__C_father_stable_mother_ambiguous,A_one_parent_identity,two_parent,True,-719035.1124356454,"T08 child painting is a correlated cross-check, not an independent likelihood. Invariant calls agree across the individual and selected soft-prevalence models, marker densities, leave-one-chromosome analyses, model sensitivities, and the painted-child transmission cross-check."
fTroAst43,2021cicX13611463,father,M,F1,fTroAst91,2021cicX14537304,F2,Tier_A_strict_identity,True,True,False,0.9535,fTroAst43:0.954,1,False,False,B_parent_count_ambiguous_shared_parent_identity_stable,A_one_parent_identity,two_parent,False,-651498.0855237334,"T08 child painting is a correlated cross-check, not an independent likelihood. Invariant calls agree across the individual and selected soft-prevalence models, marker densities, leave-one-chromosome analyses, model sensitivities, and the painted-child transmission cross-check."
fTroAst37,2021cicX13611462,father,M,F1,fTroAst92,2021cicX14537305,F2,Tier_A_strict_identity,True,True,False,0.848,fTroAst37:0.848;fTroAst18:0.064;fTroAst11:0.053,2,True,True,two_parent__A_exact_multigeneration_stable,A_exact_pair,two_parent,True,-695265.3329800614,"T08 child painting is a correlated cross-check, not an independent likelihood. Invariant calls agree across the individual and selected soft-prevalence models, marker densities, leave-one-chromosome analyses, model sensitivities, and the painted-child transmission cross-check."
fTroAst12,2021cicX13611466,mother,F,F1,fTroAst92,2021cicX14537305,F2,Tier_A_strict_identity,True,True,False,0.8225,fTroAst12:0.823;fTroAst44:0.065;fTroAst38:0.059;fTroAst56:0.048,2,True,True,two_parent__A_exact_multigeneration_stable,A_exact_pair,two_parent,True,-695265.3329800614,"T08 child painting is a correlated cross-check, not an independent likelihood. Invariant calls agree across the individual and selected soft-prevalence models, marker densities, leave-one-chromosome analyses, model sensitivities, and the painted-child transmission cross-check."
fTroAst19,2021cicX13611467,mother,F,F1,fTroAst83,2021cicX14537306,F2,Tier_A_strict_identity,True,True,False,0.9935,fTroAst19:0.994,1,False,True,two_parent__C_mother_stable_father_ambiguous,B_exact_pair,two_parent,True,-612604.0695797498,"T08 child painting is a correlated cross-check, not an independent likelihood. Invariant calls agree across the individual and selected soft-prevalence models, marker densities, leave-one-chromosome analyses, model sensitivities, and the painted-child transmission cross-check."
fTroAst12,2021cicX13611466,mother,F,F1,fTroAst84,2021cicX14537307,F2,Tier_A_strict_identity,True,True,False,0.9985,fTroAst12:0.999,1,False,False,two_parent__C_mother_stable_father_ambiguous,A_one_parent_identity,two_parent,True,-718223.86720159,"T08 child painting is a correlated cross-check, not an independent likelihood. Invariant calls agree across the individual and selected soft-prevalence models, marker densities, leave-one-chromosome analyses, model sensitivities, and the painted-child transmission cross-check."
fTroAst18,2021cicX13611459,father,M,F1,fTroAst85,2021cicX14537308,F2,Tier_A_strict_identity,True,True,False,0.9915,fTroAst18:0.992,2,True,True,two_parent__A_exact_multigeneration_stable,A_exact_pair,two_parent,True,-462986.427946894,"T08 child painting is a correlated cross-check, not an independent likelihood. Invariant calls agree across the individual and selected soft-prevalence models, marker densities, leave-one-chromosome analyses, model sensitivities, and the painted-child transmission cross-check."
fTroAst38,2021cicX13611470,mother,F,F1,fTroAst85,2021cicX14537308,F2,Tier_A_strict_identity,True,True,False,0.715,fTroAst38:0.715;fTroAst12:0.283,2,True,True,two_parent__A_exact_multigeneration_stable,A_exact_pair,two_parent,True,-462986.427946894,"T08 child painting is a correlated cross-check, not an independent likelihood. Invariant calls agree across the individual and selected soft-prevalence models, marker densities, leave-one-chromosome analyses, model sensitivities, and the painted-child transmission cross-check."
fTroAst11,2021cicX13611458,father,M,F1,fTroAst86,2021cicX14537309,F2,Tier_A_strict_identity,True,True,False,0.69,fTroAst11:0.690;fTroAst18:0.249;fTroAst25:0.053,2,True,True,two_parent__A_exact_multigeneration_stable,A_exact_pair,two_parent,True,-502256.2134597581,"T08 child painting is a correlated cross-check, not an independent likelihood. Invariant calls agree across the individual and selected soft-prevalence models, marker densities, leave-one-chromosome analyses, model sensitivities, and the painted-child transmission cross-check."
fTroAst12,2021cicX13611466,mother,F,F1,fTroAst86,2021cicX14537309,F2,Tier_A_strict_identity,True,True,False,1.0,fTroAst12:1.000,2,True,True,two_parent__A_exact_multigeneration_stable,A_exact_pair,two_parent,True,-502256.2134597581,"T08 child painting is a correlated cross-check, not an independent likelihood. Invariant calls agree across the individual and selected soft-prevalence models, marker densities, leave-one-chromosome analyses, model sensitivities, and the painted-child transmission cross-check."
fTroAst31,2021cicX13611461,father,M,F1,fTroAst88,2021cicX14537310,F2,Tier_A_strict_identity,True,True,False,1.0,fTroAst31:1.000,2,True,True,two_parent__A_exact_multigeneration_stable,A_exact_pair,two_parent,True,-9551.126895702444,"T08 child painting is a correlated cross-check, not an independent likelihood. Invariant calls agree across the individual and selected soft-prevalence models, marker densities, leave-one-chromosome analyses, model sensitivities, and the painted-child transmission cross-check."
fTroAst38,2021cicX13611470,mother,F,F1,fTroAst88,2021cicX14537310,F2,Tier_A_strict_identity,True,True,False,1.0,fTroAst38:1.000,2,True,True,two_parent__A_exact_multigeneration_stable,A_exact_pair,two_parent,True,-9551.126895702444,"T08 child painting is a correlated cross-check, not an independent likelihood. Invariant calls agree across the individual and selected soft-prevalence models, marker densities, leave-one-chromosome analyses, model sensitivities, and the painted-child transmission cross-check."
fTroAst11,2021cicX13611458,father,M,F1,fTroAst90,2021cicX14537311,F2,Tier_A_strict_identity,True,True,False,0.679,fTroAst11:0.679;fTroAst25:0.141;fTroAst18:0.090;fTroAst37:0.068,2,True,True,two_parent__A_exact_multigeneration_stable,A_exact_pair,two_parent,True,-823324.459748718,"T08 child painting is a correlated cross-check, not an independent likelihood. Invariant calls agree across the individual and selected soft-prevalence models, marker densities, leave-one-chromosome analyses, model sensitivities, and the painted-child transmission cross-check."
fTroAst44,2021cicX13611471,mother,F,F1,fTroAst90,2021cicX14537311,F2,Tier_A_strict_identity,True,True,False,0.7145,fTroAst44:0.715;fTroAst26:0.083;fTroAst19:0.054;fTroAst38:0.053;fTroAst32:0.050,2,True,True,two_parent__A_exact_multigeneration_stable,A_exact_pair,two_parent,True,-823324.459748718,"T08 child painting is a correlated cross-check, not an independent likelihood. Invariant calls agree across the individual and selected soft-prevalence models, marker densities, leave-one-chromosome analyses, model sensitivities, and the painted-child transmission cross-check."
fTroAst11,2021cicX13611458,father,M,F1,fTroAst99,2021cicX14537312,F2,Tier_A_strict_identity,True,True,False,0.8175,fTroAst11:0.818;fTroAst18:0.172,2,True,True,two_parent__A_exact_multigeneration_stable,A_exact_pair,two_parent,True,-555680.9427366592,"T08 child painting is a correlated cross-check, not an independent likelihood. Invariant calls agree across the individual and selected soft-prevalence models, marker densities, leave-one-chromosome analyses, model sensitivities, and the painted-child transmission cross-check."
fTroAst19,2021cicX13611467,mother,F,F1,fTroAst99,2021cicX14537312,F2,Tier_A_strict_identity,True,True,False,0.9995,fTroAst19:1.000,2,True,True,two_parent__A_exact_multigeneration_stable,A_exact_pair,two_parent,True,-555680.9427366592,"T08 child painting is a correlated cross-check, not an independent likelihood. Invariant calls agree across the individual and selected soft-prevalence models, marker densities, leave-one-chromosome analyses, model sensitivities, and the painted-child transmission cross-check."
fTroAst49,2021cicX13611464,father,M,F1,fTroAst94,2021cicX14537315,F2,Tier_A_strict_identity,True,True,False,0.6775,fTroAst49:0.677;fTroAst31:0.204;fTroAst43:0.087,2,True,True,two_parent__A_exact_multigeneration_stable,A_exact_pair,two_parent,True,-794766.2387464042,"T08 child painting is a correlated cross-check, not an independent likelihood. Invariant calls agree across the individual and selected soft-prevalence models, marker densities, leave-one-chromosome analyses, model sensitivities, and the painted-child transmission cross-check."
fTroAst12,2021cicX13611466,mother,F,F1,fTroAst94,2021cicX14537315,F2,Tier_A_strict_identity,True,True,False,0.9485,fTroAst12:0.949;fTroAst38:0.051,2,True,True,two_parent__A_exact_multigeneration_stable,A_exact_pair,two_parent,True,-794766.2387464042,"T08 child painting is a correlated cross-check, not an independent likelihood. Invariant calls agree across the individual and selected soft-prevalence models, marker densities, leave-one-chromosome analyses, model sensitivities, and the painted-child transmission cross-check."
fTroAst25,2021cicX13611460,father,M,F1,fTroAst95,2021cicX14537316,F2,Tier_A_strict_identity,True,True,False,1.0,fTroAst25:1.000,1,False,False,two_parent__C_father_stable_mother_ambiguous,A_one_parent_identity,two_parent,True,-313419.56119887857,"T08 child painting is a correlated cross-check, not an independent likelihood. Invariant calls agree across the individual and selected soft-prevalence models, marker densities, leave-one-chromosome analyses, model sensitivities, and the painted-child transmission cross-check."
fTroAst31,2021cicX13611461,father,M,F1,fTroAst96,2021cicX14537317,F2,Tier_A_strict_identity,True,True,False,1.0,fTroAst31:1.000,2,True,True,two_parent__A_exact_multigeneration_stable,A_exact_pair,two_parent,True,75345.38390468247,"T08 child painting is a correlated cross-check, not an independent likelihood. Invariant calls agree across the individual and selected soft-prevalence models, marker densities, leave-one-chromosome analyses, model sensitivities, and the painted-child transmission cross-check."
fTroAst38,2021cicX13611470,mother,F,F1,fTroAst96,2021cicX14537317,F2,Tier_A_strict_identity,True,True,False,1.0,fTroAst38:1.000,2,True,True,two_parent__A_exact_multigeneration_stable,A_exact_pair,two_parent,True,75345.38390468247,"T08 child painting is a correlated cross-check, not an independent likelihood. Invariant calls agree across the individual and selected soft-prevalence models, marker densities, leave-one-chromosome analyses, model sensitivities, and the painted-child transmission cross-check."
fTroAst44,2021cicX13611471,mother,F,F1,fTroAst97,2021cicX14537318,F2,Tier_A_strict_identity,True,True,False,0.5575,fTroAst44:0.557;fTroAst19:0.191;fTroAst56:0.115;fTroAst26:0.084;fTroAst12:0.024,1,False,False,two_parent__C_mother_stable_father_ambiguous,B_both_parent_identities_pair_ambiguous,two_parent,True,-702485.7127806498,"T08 child painting is a correlated cross-check, not an independent likelihood. Invariant calls agree across the individual and selected soft-prevalence models, marker densities, leave-one-chromosome analyses, model sensitivities, and the painted-child transmission cross-check."
fTroAst25,2021cicX13611460,father,M,F1,fTroAst98,2021cicX14537319,F2,Tier_A_strict_identity,True,True,False,1.0,fTroAst25:1.000,2,True,True,two_parent__A_exact_multigeneration_stable,A_exact_pair,two_parent,True,-278341.79494627425,"T08 child painting is a correlated cross-check, not an independent likelihood. Invariant calls agree across the individual and selected soft-prevalence models, marker densities, leave-one-chromosome analyses, model sensitivities, and the painted-child transmission cross-check."
fTroAst56,2021cicX13611473,mother,F,F1,fTroAst98,2021cicX14537319,F2,Tier_A_strict_identity,True,True,False,0.8515,fTroAst56:0.852;fTroAst50:0.082;fTroAst32:0.049,2,True,True,two_parent__A_exact_multigeneration_stable,A_exact_pair,two_parent,True,-278341.79494627425,"T08 child painting is a correlated cross-check, not an independent likelihood. Invariant calls agree across the individual and selected soft-prevalence models, marker densities, leave-one-chromosome analyses, model sensitivities, and the painted-child transmission cross-check."
fTroAst18,2021cicX13611459,father,M,F1,fTroAst100,2021cicX14537320,F2,Tier_A_strict_identity,True,True,False,0.6175,fTroAst18:0.618;fTroAst25:0.191;fTroAst11:0.164,2,True,True,two_parent__A_exact_multigeneration_stable,A_exact_pair,two_parent,True,-913684.9992170028,"T08 child painting is a correlated cross-check, not an independent likelihood. Invariant calls agree across the individual and selected soft-prevalence models, marker densities, leave-one-chromosome analyses, model sensitivities, and the painted-child transmission cross-check."
fTroAst44,2021cicX13611471,mother,F,F1,fTroAst100,2021cicX14537320,F2,Tier_A_strict_identity,True,True,False,0.7805,fTroAst44:0.781;fTroAst56:0.061;fTroAst32:0.055;fTroAst19:0.053;fTroAst12:0.026,2,True,True,two_parent__A_exact_multigeneration_stable,A_exact_pair,two_parent,True,-913684.9992170028,"T08 child painting is a correlated cross-check, not an independent likelihood. Invariant calls agree across the individual and selected soft-prevalence models, marker densities, leave-one-chromosome analyses, model sensitivities, and the painted-child transmission cross-check."
fTroAst55,2021cicX13611465,father,M,F1,fTroAst103,2021cicX14537322,F2,Tier_A_strict_identity,True,True,False,0.9935,fTroAst55:0.994,2,True,True,two_parent__A_exact_multigeneration_stable,A_exact_pair,two_parent,True,-103329.56317578677,"T08 child painting is a correlated cross-check, not an independent likelihood. Invariant calls agree across the individual and selected soft-prevalence models, marker densities, leave-one-chromosome analyses, model sensitivities, and the painted-child transmission cross-check."
fTroAst19,2021cicX13611467,mother,F,F1,fTroAst103,2021cicX14537322,F2,Tier_A_strict_identity,True,True,False,1.0,fTroAst19:1.000,2,True,True,two_parent__A_exact_multigeneration_stable,A_exact_pair,two_parent,True,-103329.56317578677,"T08 child painting is a correlated cross-check, not an independent likelihood. Invariant calls agree across the individual and selected soft-prevalence models, marker densities, leave-one-chromosome analyses, model sensitivities, and the painted-child transmission cross-check."
fTroAst31,2021cicX13611461,father,M,F1,fTroAst108,2021cicX14537325,F2,Tier_A_strict_identity,True,True,False,1.0,fTroAst31:1.000,2,True,True,two_parent__A_exact_multigeneration_stable,A_exact_pair,two_parent,True,-14261.464430419262,"T08 child painting is a correlated cross-check, not an independent likelihood. Invariant calls agree across the individual and selected soft-prevalence models, marker densities, leave-one-chromosome analyses, model sensitivities, and the painted-child transmission cross-check."
fTroAst38,2021cicX13611470,mother,F,F1,fTroAst108,2021cicX14537325,F2,Tier_A_strict_identity,True,True,False,1.0,fTroAst38:1.000,2,True,True,two_parent__A_exact_multigeneration_stable,A_exact_pair,two_parent,True,-14261.464430419262,"T08 child painting is a correlated cross-check, not an independent likelihood. Invariant calls agree across the individual and selected soft-prevalence models, marker densities, leave-one-chromosome analyses, model sensitivities, and the painted-child transmission cross-check."
fTroAst49,2021cicX13611464,father,M,F1,fTroAst109,2021cicX14537326,F2,Tier_A_strict_identity,True,True,False,1.0,fTroAst49:1.000,2,True,True,two_parent__A_exact_multigeneration_stable,A_exact_pair,two_parent,True,-5667.251399142202,"T08 child painting is a correlated cross-check, not an independent likelihood. Invariant calls agree across the individual and selected soft-prevalence models, marker densities, leave-one-chromosome analyses, model sensitivities, and the painted-child transmission cross-check."
fTroAst56,2021cicX13611473,mother,F,F1,fTroAst109,2021cicX14537326,F2,Tier_A_strict_identity,True,True,False,0.9965,fTroAst56:0.997,2,True,True,two_parent__A_exact_multigeneration_stable,A_exact_pair,two_parent,True,-5667.251399142202,"T08 child painting is a correlated cross-check, not an independent likelihood. Invariant calls agree across the individual and selected soft-prevalence models, marker densities, leave-one-chromosome analyses, model sensitivities, and the painted-child transmission cross-check."
fTroAst31,2021cicX13611461,father,M,F1,fTroAst110,2021cicX14537327,F2,Tier_A_strict_identity,True,True,False,1.0,fTroAst31:1.000,2,True,True,two_parent__A_exact_multigeneration_stable,A_exact_pair,two_parent,True,-451052.79003225546,"T08 child painting is a correlated cross-check, not an independent likelihood. Invariant calls agree across the individual and selected soft-prevalence models, marker densities, leave-one-chromosome analyses, model sensitivities, and the painted-child transmission cross-check."
fTroAst12,2021cicX13611466,mother,F,F1,fTroAst110,2021cicX14537327,F2,Tier_A_strict_identity,True,True,False,1.0,fTroAst12:1.000,2,True,True,two_parent__A_exact_multigeneration_stable,A_exact_pair,two_parent,True,-451052.79003225546,"T08 child painting is a correlated cross-check, not an independent likelihood. Invariant calls agree across the individual and selected soft-prevalence models, marker densities, leave-one-chromosome analyses, model sensitivities, and the painted-child transmission cross-check."
fTroAst31,2021cicX13611461,father,M,F1,fTroAst112,2021cicX14537329,F2,Tier_A_strict_identity,True,True,False,1.0,fTroAst31:1.000,2,True,True,two_parent__A_exact_multigeneration_stable,A_exact_pair,two_parent,True,36112.92681470327,"T08 child painting is a correlated cross-check, not an independent likelihood. Invariant calls agree across the individual and selected soft-prevalence models, marker densities, leave-one-chromosome analyses, model sensitivities, and the painted-child transmission cross-check."
fTroAst38,2021cicX13611470,mother,F,F1,fTroAst112,2021cicX14537329,F2,Tier_A_strict_identity,True,True,False,1.0,fTroAst38:1.000,2,True,True,two_parent__A_exact_multigeneration_stable,A_exact_pair,two_parent,True,36112.92681470327,"T08 child painting is a correlated cross-check, not an independent likelihood. Invariant calls agree across the individual and selected soft-prevalence models, marker densities, leave-one-chromosome analyses, model sensitivities, and the painted-child transmission cross-check."
fTroAst49,2021cicX13611464,father,M,F1,fTroAst104,2021cicX14537330,F2,Tier_A_strict_identity,True,True,False,1.0,fTroAst49:1.000,2,True,True,two_parent__A_exact_multigeneration_stable,A_exact_pair,two_parent,True,-292491.4310780186,"T08 child painting is a correlated cross-check, not an independent likelihood. Invariant calls agree across the individual and selected soft-prevalence models, marker densities, leave-one-chromosome analyses, model sensitivities, and the painted-child transmission cross-check."
fTroAst56,2021cicX13611473,mother,F,F1,fTroAst104,2021cicX14537330,F2,Tier_A_strict_identity,True,True,False,0.6075,fTroAst56:0.608;fTroAst19:0.175;fTroAst26:0.116;fTroAst32:0.048;fTroAst44:0.048,2,True,True,two_parent__A_exact_multigeneration_stable,A_exact_pair,two_parent,True,-292491.4310780186,"T08 child painting is a correlated cross-check, not an independent likelihood. Invariant calls agree across the individual and selected soft-prevalence models, marker densities, leave-one-chromosome analyses, model sensitivities, and the painted-child transmission cross-check."
fTroMau1,2021cicX11218980,father,M,G0,fTroAst11,2021cicX13611458,F1,G0_to_F1_inferred_seed,True,True,False,1.0,fTroMau1:1.000,2,False,False,exact_pair_stable,,,False,726263.694992651,"Parent slots contain only marginal identities passing chromosome-bootstrap, leave-one-chromosome, and sensitivity checks. Treat both as an exact pair only if ExactPairStable. The paternal identity is conditional on fTroMau1 being the only recorded male G0 candidate."
fAstCal30,2021cicX11218978,mother,F,G0,fTroAst11,2021cicX13611458,F1,G0_to_F1_inferred_seed,True,True,False,1.0,fAstCal30:1.000,2,False,False,exact_pair_stable,,,False,726263.694992651,"Parent slots contain only marginal identities passing chromosome-bootstrap, leave-one-chromosome, and sensitivity checks. Treat both as an exact pair only if ExactPairStable. The paternal identity is conditional on fTroMau1 being the only recorded male G0 candidate."
fTroMau1,2021cicX11218980,father,M,G0,fTroAst18,2021cicX13611459,F1,G0_to_F1_inferred_seed,True,True,False,1.0,fTroMau1:1.000,2,False,False,exact_pair_stable,,,False,786865.741088446,"Parent slots contain only marginal identities passing chromosome-bootstrap, leave-one-chromosome, and sensitivity checks. Treat both as an exact pair only if ExactPairStable. The paternal identity is conditional on fTroMau1 being the only recorded male G0 candidate."
fAstCal30,2021cicX11218978,mother,F,G0,fTroAst18,2021cicX13611459,F1,G0_to_F1_inferred_seed,True,True,False,1.0,fAstCal30:1.000,2,False,False,exact_pair_stable,,,False,786865.741088446,"Parent slots contain only marginal identities passing chromosome-bootstrap, leave-one-chromosome, and sensitivity checks. Treat both as an exact pair only if ExactPairStable. The paternal identity is conditional on fTroMau1 being the only recorded male G0 candidate."
fTroMau1,2021cicX11218980,father,M,G0,fTroAst25,2021cicX13611460,F1,G0_to_F1_inferred_seed,True,True,False,1.0,fTroMau1:1.000,2,False,False,exact_pair_stable,,,False,759118.8690862844,"Parent slots contain only marginal identities passing chromosome-bootstrap, leave-one-chromosome, and sensitivity checks. Treat both as an exact pair only if ExactPairStable. The paternal identity is conditional on fTroMau1 being the only recorded male G0 candidate."
fAstCal30,2021cicX11218978,mother,F,G0,fTroAst25,2021cicX13611460,F1,G0_to_F1_inferred_seed,True,True,False,1.0,fAstCal30:1.000,2,False,False,exact_pair_stable,,,False,759118.8690862844,"Parent slots contain only marginal identities passing chromosome-bootstrap, leave-one-chromosome, and sensitivity checks. Treat both as an exact pair only if ExactPairStable. The paternal identity is conditional on fTroMau1 being the only recorded male G0 candidate."
fTroMau1,2021cicX11218980,father,M,G0,fTroAst31,2021cicX13611461,F1,G0_to_F1_inferred_seed,True,True,False,1.0,fTroMau1:1.000,2,False,False,exact_pair_stable,,,False,760428.4529374961,"Parent slots contain only marginal identities passing chromosome-bootstrap, leave-one-chromosome, and sensitivity checks. Treat both as an exact pair only if ExactPairStable. The paternal identity is conditional on fTroMau1 being the only recorded male G0 candidate."
fAstCal29,2021cicX11218977,mother,F,G0,fTroAst31,2021cicX13611461,F1,G0_to_F1_inferred_seed,True,True,False,1.0,fAstCal29:1.000,2,False,False,exact_pair_stable,,,False,760428.4529374961,"Parent slots contain only marginal identities passing chromosome-bootstrap, leave-one-chromosome, and sensitivity checks. Treat both as an exact pair only if ExactPairStable. The paternal identity is conditional on fTroMau1 being the only recorded male G0 candidate."
fTroMau1,2021cicX11218980,father,M,G0,fTroAst37,2021cicX13611462,F1,G0_to_F1_inferred_seed,True,True,False,1.0,fTroMau1:1.000,2,False,False,exact_pair_stable,,,False,794797.1841484737,"Parent slots contain only marginal identities passing chromosome-bootstrap, leave-one-chromosome, and sensitivity checks. Treat both as an exact pair only if ExactPairStable. The paternal identity is conditional on fTroMau1 being the only recorded male G0 candidate."
fAstCal31,2021cicX11218979,mother,F,G0,fTroAst37,2021cicX13611462,F1,G0_to_F1_inferred_seed,True,True,False,1.0,fAstCal31:1.000,2,False,False,exact_pair_stable,,,False,794797.1841484737,"Parent slots contain only marginal identities passing chromosome-bootstrap, leave-one-chromosome, and sensitivity checks. Treat both as an exact pair only if ExactPairStable. The paternal identity is conditional on fTroMau1 being the only recorded male G0 candidate."
fTroMau1,2021cicX11218980,father,M,G0,fTroAst43,2021cicX13611463,F1,G0_to_F1_inferred_seed,True,True,False,1.0,fTroMau1:1.000,2,False,False,exact_pair_stable,,,False,742936.4139803159,"Parent slots contain only marginal identities passing chromosome-bootstrap, leave-one-chromosome, and sensitivity checks. Treat both as an exact pair only if ExactPairStable. The paternal identity is conditional on fTroMau1 being the only recorded male G0 candidate."
fAstCal29,2021cicX11218977,mother,F,G0,fTroAst43,2021cicX13611463,F1,G0_to_F1_inferred_seed,True,True,False,1.0,fAstCal29:1.000,2,False,False,exact_pair_stable,,,False,742936.4139803159,"Parent slots contain only marginal identities passing chromosome-bootstrap, leave-one-chromosome, and sensitivity checks. Treat both as an exact pair only if ExactPairStable. The paternal identity is conditional on fTroMau1 being the only recorded male G0 candidate."
fTroMau1,2021cicX11218980,father,M,G0,fTroAst49,2021cicX13611464,F1,G0_to_F1_inferred_seed,True,True,False,1.0,fTroMau1:1.000,2,False,False,exact_pair_stable,,,False,774928.5315063216,"Parent slots contain only marginal identities passing chromosome-bootstrap, leave-one-chromosome, and sensitivity checks. Treat both as an exact pair only if ExactPairStable. The paternal identity is conditional on fTroMau1 being the only recorded male G0 candidate."
fAstCal29,2021cicX11218977,mother,F,G0,fTroAst49,2021cicX13611464,F1,G0_to_F1_inferred_seed,True,True,False,1.0,fAstCal29:1.000,2,False,False,exact_pair_stable,,,False,774928.5315063216,"Parent slots contain only marginal identities passing chromosome-bootstrap, leave-one-chromosome, and sensitivity checks. Treat both as an exact pair only if ExactPairStable. The paternal identity is conditional on fTroMau1 being the only recorded male G0 candidate."
fTroMau1,2021cicX11218980,father,M,G0,fTroAst55,2021cicX13611465,F1,G0_to_F1_inferred_seed,True,True,False,1.0,fTroMau1:1.000,2,False,False,exact_pair_stable,,,False,348064.9893190968,"Parent slots contain only marginal identities passing chromosome-bootstrap, leave-one-chromosome, and sensitivity checks. Treat both as an exact pair only if ExactPairStable. The paternal identity is conditional on fTroMau1 being the only recorded male G0 candidate."
fAstCal29,2021cicX11218977,mother,F,G0,fTroAst55,2021cicX13611465,F1,G0_to_F1_inferred_seed,True,True,False,1.0,fAstCal29:1.000,2,False,False,exact_pair_stable,,,False,348064.9893190968,"Parent slots contain only marginal identities passing chromosome-bootstrap, leave-one-chromosome, and sensitivity checks. Treat both as an exact pair only if ExactPairStable. The paternal identity is conditional on fTroMau1 being the only recorded male G0 candidate."
fTroMau1,2021cicX11218980,father,M,G0,fTroAst12,2021cicX13611466,F1,G0_to_F1_inferred_seed,True,True,False,1.0,fTroMau1:1.000,2,False,False,exact_pair_stable,,,False,736395.5359774025,"Parent slots contain only marginal identities passing chromosome-bootstrap, leave-one-chromosome, and sensitivity checks. Treat both as an exact pair only if ExactPairStable. The paternal identity is conditional on fTroMau1 being the only recorded male G0 candidate."
fAstCal30,2021cicX11218978,mother,F,G0,fTroAst12,2021cicX13611466,F1,G0_to_F1_inferred_seed,True,True,False,1.0,fAstCal30:1.000,2,False,False,exact_pair_stable,,,False,736395.5359774025,"Parent slots contain only marginal identities passing chromosome-bootstrap, leave-one-chromosome, and sensitivity checks. Treat both as an exact pair only if ExactPairStable. The paternal identity is conditional on fTroMau1 being the only recorded male G0 candidate."
fTroMau1,2021cicX11218980,father,M,G0,fTroAst19,2021cicX13611467,F1,G0_to_F1_inferred_seed,True,True,False,1.0,fTroMau1:1.000,2,False,False,exact_pair_stable,,,False,756767.9222523693,"Parent slots contain only marginal identities passing chromosome-bootstrap, leave-one-chromosome, and sensitivity checks. Treat both as an exact pair only if ExactPairStable. The paternal identity is conditional on fTroMau1 being the only recorded male G0 candidate."
fAstCal31,2021cicX11218979,mother,F,G0,fTroAst19,2021cicX13611467,F1,G0_to_F1_inferred_seed,True,True,False,1.0,fAstCal31:1.000,2,False,False,exact_pair_stable,,,False,756767.9222523693,"Parent slots contain only marginal identities passing chromosome-bootstrap, leave-one-chromosome, and sensitivity checks. Treat both as an exact pair only if ExactPairStable. The paternal identity is conditional on fTroMau1 being the only recorded male G0 candidate."
fTroMau1,2021cicX11218980,father,M,G0,fTroAst26,2021cicX13611468,F1,G0_to_F1_inferred_seed,True,True,False,1.0,fTroMau1:1.000,2,False,False,exact_pair_stable,,,False,766972.4675828663,"Parent slots contain only marginal identities passing chromosome-bootstrap, leave-one-chromosome, and sensitivity checks. Treat both as an exact pair only if ExactPairStable. The paternal identity is conditional on fTroMau1 being the only recorded male G0 candidate."
fAstCal31,2021cicX11218979,mother,F,G0,fTroAst26,2021cicX13611468,F1,G0_to_F1_inferred_seed,True,True,False,1.0,fAstCal31:1.000,2,False,False,exact_pair_stable,,,False,766972.4675828663,"Parent slots contain only marginal identities passing chromosome-bootstrap, leave-one-chromosome, and sensitivity checks. Treat both as an exact pair only if ExactPairStable. The paternal identity is conditional on fTroMau1 being the only recorded male G0 candidate."
fTroMau1,2021cicX11218980,father,M,G0,fTroAst32,2021cicX13611469,F1,G0_to_F1_inferred_seed,True,True,False,1.0,fTroMau1:1.000,2,False,False,exact_pair_stable,,,False,761239.9307659771,"Parent slots contain only marginal identities passing chromosome-bootstrap, leave-one-chromosome, and sensitivity checks. Treat both as an exact pair only if ExactPairStable. The paternal identity is conditional on fTroMau1 being the only recorded male G0 candidate."
fAstCal31,2021cicX11218979,mother,F,G0,fTroAst32,2021cicX13611469,F1,G0_to_F1_inferred_seed,True,True,False,1.0,fAstCal31:1.000,2,False,False,exact_pair_stable,,,False,761239.9307659771,"Parent slots contain only marginal identities passing chromosome-bootstrap, leave-one-chromosome, and sensitivity checks. Treat both as an exact pair only if ExactPairStable. The paternal identity is conditional on fTroMau1 being the only recorded male G0 candidate."
fTroMau1,2021cicX11218980,father,M,G0,fTroAst38,2021cicX13611470,F1,G0_to_F1_inferred_seed,True,True,False,1.0,fTroMau1:1.000,2,False,False,exact_pair_stable,,,False,737368.1361286824,"Parent slots contain only marginal identities passing chromosome-bootstrap, leave-one-chromosome, and sensitivity checks. Treat both as an exact pair only if ExactPairStable. The paternal identity is conditional on fTroMau1 being the only recorded male G0 candidate."
fAstCal30,2021cicX11218978,mother,F,G0,fTroAst38,2021cicX13611470,F1,G0_to_F1_inferred_seed,True,True,False,1.0,fAstCal30:1.000,2,False,False,exact_pair_stable,,,False,737368.1361286824,"Parent slots contain only marginal identities passing chromosome-bootstrap, leave-one-chromosome, and sensitivity checks. Treat both as an exact pair only if ExactPairStable. The paternal identity is conditional on fTroMau1 being the only recorded male G0 candidate."
fTroMau1,2021cicX11218980,father,M,G0,fTroAst44,2021cicX13611471,F1,G0_to_F1_inferred_seed,True,True,False,1.0,fTroMau1:1.000,2,False,False,exact_pair_stable,,,False,748417.8837821716,"Parent slots contain only marginal identities passing chromosome-bootstrap, leave-one-chromosome, and sensitivity checks. Treat both as an exact pair only if ExactPairStable. The paternal identity is conditional on fTroMau1 being the only recorded male G0 candidate."
fAstCal31,2021cicX11218979,mother,F,G0,fTroAst44,2021cicX13611471,F1,G0_to_F1_inferred_seed,True,True,False,1.0,fAstCal31:1.000,2,False,False,exact_pair_stable,,,False,748417.8837821716,"Parent slots contain only marginal identities passing chromosome-bootstrap, leave-one-chromosome, and sensitivity checks. Treat both as an exact pair only if ExactPairStable. The paternal identity is conditional on fTroMau1 being the only recorded male G0 candidate."
fTroMau1,2021cicX11218980,father,M,G0,fTroAst50,2021cicX13611472,F1,G0_to_F1_inferred_seed,True,True,False,1.0,fTroMau1:1.000,2,False,False,exact_pair_stable,,,False,805389.1083814614,"Parent slots contain only marginal identities passing chromosome-bootstrap, leave-one-chromosome, and sensitivity checks. Treat both as an exact pair only if ExactPairStable. The paternal identity is conditional on fTroMau1 being the only recorded male G0 candidate."
fAstCal31,2021cicX11218979,mother,F,G0,fTroAst50,2021cicX13611472,F1,G0_to_F1_inferred_seed,True,True,False,1.0,fAstCal31:1.000,2,False,False,exact_pair_stable,,,False,805389.1083814614,"Parent slots contain only marginal identities passing chromosome-bootstrap, leave-one-chromosome, and sensitivity checks. Treat both as an exact pair only if ExactPairStable. The paternal identity is conditional on fTroMau1 being the only recorded male G0 candidate."
fTroMau1,2021cicX11218980,father,M,G0,fTroAst56,2021cicX13611473,F1,G0_to_F1_inferred_seed,True,True,False,1.0,fTroMau1:1.000,2,False,False,exact_pair_stable,,,False,467116.44977973145,"Parent slots contain only marginal identities passing chromosome-bootstrap, leave-one-chromosome, and sensitivity checks. Treat both as an exact pair only if ExactPairStable. The paternal identity is conditional on fTroMau1 being the only recorded male G0 candidate."
fAstCal31,2021cicX11218979,mother,F,G0,fTroAst56,2021cicX13611473,F1,G0_to_F1_inferred_seed,True,True,False,1.0,fAstCal31:1.000,2,False,False,exact_pair_stable,,,False,467116.44977973145,"Parent slots contain only marginal identities passing chromosome-bootstrap, leave-one-chromosome, and sensitivity checks. Treat both as an exact pair only if ExactPairStable. The paternal identity is conditional on fTroMau1 being the only recorded male G0 candidate."
